index	pair_ID	pair_type	sentence_A	sentence_A_expRule	sentence_B	sentence_B_expRule	relatedness_score	entailment_label	entailment_AB	entailment_BA	sentence_A_original	sentence_B_original	sentence_A_dataset	sentence_B_dataset	SemEval_set	jpg
13	21	S1S4_intra	A person in a black jacket is doing tricks on a motorbike	S1_null	A person on a black motorbike is doing tricks with a jacket	S4_ws	3.0	NEUTRAL	A_neutral_B	B_neutral_A	A person in a black jacket doing tricks on a motorbike.	A person in a black jacket doing tricks on a motorbike.	FLICKR	FLICKR	TEST	3373243733_9aba7740ed.jpg#0
25	41	S1S2_intra	Two people are kickboxing and spectators are watching	S1_null	Two people are fighting and spectators are watching	S2_lex	4.4	ENTAILMENT	A_entails_B	B_neutral_A	Two people kick boxing, with others spectating.	Two people kick boxing, with others spectating.	FLICKR	FLICKR	TEST	3679341667_936769fd0c.jpg#1
29	48	S1S2_inter	Two women are sparring in a kickboxing match	S1_null	Two people are fighting and spectators are watching	S2_null	3.7	NEUTRAL	A_neutral_B	B_neutral_A	Two woman spar in a kickboxing match.	Two people kick boxing, with others spectating.	FLICKR	FLICKR	TEST	3679341667_936769fd0c.jpg#2
43	76	S1S4_intra	A little girl is looking at a woman in costume	S1_null	A little girl in costume looks like a woman	S4_ws	2.9	NEUTRAL	A_neutral_B	B_neutral_A	The back of a woman in costume ; little girl looks at her	The back of a woman in costume ; little girl looks at her	FLICKR	FLICKR	TEST	3718007650_e5930b4509.jpg#4
54	96	S1S3_inter	A man is jumping into an empty pool	S1_null	There is no biker jumping in the air	S3_null	1.2	NEUTRAL	A_neutral_B	B_neutral_A	A man does bike jumps in the dark in an empty pool.	a lone bicyclists jumping in the air over a ramp.	FLICKR	FLICKR	TEST	2905948395_ca3e6b3c9a.jpg#1
55	101	S1S3_intra	Four girls are doing backbends and playing outdoors	S1_null	Four girls are doing backbends and playing indoors	S3_so	4.0	NEUTRAL	A_neutral_B	B_neutral_A	Four girls do backbends while playing outdoors.	Four girls do backbends while playing outdoors.	FLICKR	FLICKR	TEST	3067885047_f69d90c35b.jpg#3
58	111	S1S4_intra	Two teams are competing in a football match	S1_null	Football is being played by two competing teams	S4_ws	4.8	ENTAILMENT	A_entails_B	B_entails_A	Two teams compete in football.	Two teams compete in football.	FLICKR	FLICKR	TEST	2939371251_f923569a72.jpg#4
78	149	S1S2_intra	A deer is jumping over a fence	S1_null	A deer is jumping over the enclosure	S2_lex	4.535	ENTAILMENT	A_entails_B	B_neutral_A	A deer is jumping over a fence.	A deer is jumping over a fence.	FLICKR	FLICKR	TEST	3274879561_74997bbfff.jpg#1
88	168	S1S3_intra	A child is hitting a baseball	S1_null	A child is missing a baseball	S3_so	3.8	CONTRADICTION	A_contradicts_B	B_contradicts_A	A child hits a baseball.	A child hits a baseball.	FLICKR	FLICKR	TEST	535249787_0fcaa613a0.jpg#1
101	191	S1S2_intra	A motorcycle rider is standing up on the seat of a white motorcycle	S1_null	A motorcycle is riding standing up on the seat of the vehicle	S2_lex	4.1	ENTAILMENT	A_entails_B	B_neutral_A	A motorcycle rider starts to sand up on the seat of his white motorcycle.	A motorcycle rider starts to sand up on the seat of his white motorcycle.	FLICKR	FLICKR	TEST	2719102611_fef453bf30.jpg#2
104	193	S1S2_intra	Someone is on a black and white motorcycle and is standing on the seat	S1_null	A rider is on a black and white bike and is standing on the seat	S2_lex	4.6	ENTAILMENT	A_entails_B	B_neutral_A	Someone is on a black and white motorcycle and putting their feet on the seat.	Someone is on a black and white motorcycle and putting their feet on the seat.	FLICKR	FLICKR	TEST	2719102611_fef453bf30.jpg#3
106	198	S1S3_inter	Someone is on a black and white motorcycle and is standing on the seat	S1_null	No motorcycle rider is standing up on the seat of a motorcycle	S3_null	3.6	CONTRADICTION	A_contradicts_B	B_contradicts_A	Someone is on a black and white motorcycle and putting their feet on the seat.	A motorcycle rider starts to sand up on the seat of his white motorcycle.	FLICKR	FLICKR	TEST	2719102611_fef453bf30.jpg#3
109	208	S1S1_inter	A motorcyclist with a red helmet is riding a blue motorcycle down the road	S1_null	A motorcyclist is riding a motorbike along a roadway	S1_null	4.5	ENTAILMENT	A_entails_B	B_neutral_A	A motorcyclist is riding their sponsored car along a roadway that has recently turned.	A motorcyclist with a red helmet rides his blue motorcycle down the road.	FLICKR	FLICKR	TEST	166433861_70b66cd381.jpg#2
121	222	S1S4_intra	The blond girl is dancing in front of the sound equipment	S1_null	The equipment in front of the blond dancing girl is sound	S4_ws	3.9	ENTAILMENT	A_entails_B	B_neutral_A	The blonde girl is dancing on stage in front of the sound equipment.	The blonde girl is dancing on stage in front of the sound equipment.	FLICKR	FLICKR	TEST	3667908724_65c7d112f2.jpg#4
148	281	S1S1_inter	A boy is standing in the water	S1_null	The boy is wading through the blue ocean	S1_null	4.0	NEUTRAL	A_neutral_B	B_contradicts_A	The boy is wading through the blue ocean.	A boy up to his knees in water.	FLICKR	FLICKR	TEST	2701603045_6cbdc4ce7c.jpg#4
169	330	S1S1_inter	A man is pointing at a silver sedan	S1_null	A man is in a parking lot and is playing tennis against a large wall	S1_null	1.3	NEUTRAL	A_neutral_B	B_neutral_A	A man is playing tennis with himself against a large wall in a parking lot.	A man in the near distance is pointing to a silver sedan near him.	FLICKR	FLICKR	TEST	1432179046_8e3d75cf81.jpg#1
181	337	S1S2_inter	A man, a woman and two girls are walking on the beach	S1_null	A group of people is near the sea	S2_null	3.8	ENTAILMENT	A_entails_B	B_neutral_A	A man, woman, and two girls walk on the beach barefoot.	A group of people at a distance on a beach.	FLICKR	FLICKR	TEST	3088322308_b0c940b3a3.jpg#1
186	343	S1S2_intra	An Asian woman in a crowd is carrying a black bag	S1_null	An Asian woman in in the midst of many people is carrying a black bag	S2_lex	4.8	ENTAILMENT	A_entails_B	B_entails_A	Asian woman in crowd, carrying black bag with pain and spiked knuckle graphic.	Asian woman in crowd, carrying black bag with pain and spiked knuckle graphic.	FLICKR	FLICKR	TEST	498748832_941faaaf40.jpg#1
189	353	S1S4_intra	A dog is chasing another and is holding a stick in its mouth	S1_null	A dog is chasing a stick and holding another dog in its mouth	S4_ws	3.2	NEUTRAL	A_neutral_B	B_contradicts_A	A German Shepherd chases another with a stick in his mouth.	A German Shepherd chases another with a stick in his mouth.	FLICKR	FLICKR	TEST	78984436_ad96eaa802.jpg#0
215	406	S1S2_inter	A group of scouts are hiking through the grass	S1_null	People are walking	S2_null	3.6	ENTAILMENT	A_entails_B	B_neutral_A	A group of scouts are hiking through the grass.	People walking	FLICKR	FLICKR	TEST	244760301_5809214866.jpg#2
229	420	S1S4_inter	Two men with bikes are on the side of a snowy road	S1_null	Two men are breaking into a car during a trip on a snowy road	S4_null	2.2	NEUTRAL	A_neutral_B	B_neutral_A	The two men and their bikes are on the side of a snowy road.	Two men taking a break from riding their bikes on a snowy road.	FLICKR	FLICKR	TEST	95734035_84732a92c1.jpg#1
233	429	S1S4_inter	Two men are holding fishing poles	S1_null	Two men are holding some water standing near fishing poles	S4_null	2.6	NEUTRAL	A_neutral_B	B_neutral_A	Two men holding their fishing poles.	Two men stand near the water with their fishing poles.	FLICKR	FLICKR	TEST	488590040_35a3e96c89.jpg#2
247	453	S1S2_intra	Two children and an adult are standing next to a tree limb	S1_null	Three people are standing next to a tree limb	S2_lex	4.6	ENTAILMENT	A_entails_B	B_neutral_A	Two children and an adult standing next to a tree limb.	Two children and an adult standing next to a tree limb.	FLICKR	FLICKR	TEST	3220009216_10f088185e.jpg#2
251	455	S1S2_intra	Two children are hanging on a large branch	S1_null	Two children are climbing a tree	S2_lex	4.2	ENTAILMENT	A_entails_B	B_neutral_A	Two children hanging on a large branch.	Two children hanging on a large branch.	FLICKR	FLICKR	TEST	3220009216_10f088185e.jpg#4
257	466	S1S3_intra	A man is performing a trick on a green bicycle	S1_null	There is no man performing a trick on a green bicycle	S3_od	4.8	CONTRADICTION	A_contradicts_B	B_contradicts_A	A man performs a stoppie trick on his BMX green bicycle with no hands.	A man performs a stoppie trick on his BMX green bicycle with no hands.	FLICKR	FLICKR	TEST	3122938209_2b2c6c1fab.jpg#2
262	478	S1S3_inter	A child is holding a squirt gun	S1_null	There is no child holding a water gun or getting sprayed with water	S3_null	4.085	CONTRADICTION	A_contradicts_B	B_contradicts_A	A child with a squirt gun.	A laughing child is holding a water gun and getting sprayed with water.	FLICKR	FLICKR	TEST	2735792721_b8fe85e803.jpg#1
263	481	S1S1_inter	A laughing child is holding a water gun and getting sprayed with water	S1_null	A child is holding a squirt gun	S1_null	4.5	ENTAILMENT	A_entails_B	B_neutral_A	A child with a squirt gun.	A laughing child is holding a water gun and getting sprayed with water.	FLICKR	FLICKR	TEST	2735792721_b8fe85e803.jpg#1
266	483	S1S3_intra	Two brown dogs are fighting over a red ball and are playing in the grass	S1_null	There is no dog playing with a red ball	S3_od	2.5	NEUTRAL	A_contradicts_B	B_neutral_A	Two brown dogs fight over a red ball while playing in the grass.	Two brown dogs fight over a red ball while playing in the grass.	FLICKR	FLICKR	TEST	584484388_0eeb36d03d.jpg#1
287	517	S1S4_intra	A woman who is wearing a pink boa is riding a bicycle down a bridge built for pedestrians	S1_null	A pedestrian woman is building pink bicycles for boa wearing riders	S4_ws	2.8	NEUTRAL	A_neutral_B	B_neutral_A	A woman wearing a pink boa rides a bicycle down a pedestrian bridge.	A woman wearing a pink boa rides a bicycle down a pedestrian bridge.	FLICKR	FLICKR	TEST	2269021076_cefc9af989.jpg#1
304	569	S1S4_intra	A dog that has a brown and white coat is trotting through shallow water	S1_null	A brown and white coat is floating across shallow water near a trotting dog	S4_ws	2.9	NEUTRAL	A_neutral_B	B_neutral_A	A brown and white dog trots across shallow water with his mouth open.	A brown and white dog trots across shallow water with his mouth open.	FLICKR	FLICKR	TEST	3682277595_55f8b16975.jpg#0
308	571	S1S3_intra	A white and brown dog is walking through the water with difficulty	S1_null	There is no white and brown dog pacing with through the water difficulty	S3_od	2.6	CONTRADICTION	A_contradicts_B	B_contradicts_A	A white and brown dog is walking through the water.	A white and brown dog is walking through the water.	FLICKR	FLICKR	TEST	3682277595_55f8b16975.jpg#3
313	585	S1S2_inter	A group of boys are playing with a ball in front of a large door made of wood	S1_null	The children are playing in front of a door, which is very large	S2_null	3.8	ENTAILMENT	A_entails_B	B_neutral_A	A gorup of boys are playing with a ball in front of a large wooden door.	Children play in front of a large door.	FLICKR	FLICKR	TEST	3426966595_c8c4e1e872.jpg#0
325	612	S1S1_inter	A young lady with light brown hair is wearing a red necklace, a sweatshirt and earrings and is smiling	S1_null	A teenage girl is wearing beads that are red	S1_null	3.0	ENTAILMENT	A_entails_B	B_neutral_A	A close up of a teenage girl wearing red beads.	A young woman with light brown hair wearing a red beaded neclace, a Gonzaga sweatshirt and earrings stands smiling.	FLICKR	FLICKR	TEST	2200901777_f6c168bd32.jpg#0
331	614	S1S3_intra	A boy is climbing up a wall artificially built for climbing and is attached to a rope	S1_null	A boy is coming down a wall artificially built for climbing and isn't attached to the rope	S3_so,inv	3.935	CONTRADICTION	A_contradicts_B	B_contradicts_A	A boy is climbing up an artificial climbing wall whilst attached to a rope.	A boy is climbing up an artificial climbing wall whilst attached to a rope.	FLICKR	FLICKR	TEST	1357689954_72588dfdc4.jpg#1
338	616	S1S2_intra	A fearful little boy is on a climbing wall	S1_null	A little boy, who looks fearful, is on a climbing wall.	S2_expa	5.0	ENTAILMENT	A_entails_B	B_entails_A	A frightened little boy on a climbing wall.	A frightened little boy on a climbing wall.	FLICKR	FLICKR	TEST	1357689954_72588dfdc4.jpg#2
357	656	S1S3_intra	A young child is climbing a rock climbing wall which is indoors	S1_null	A young child is under a rock climbing wall which is indoors	S3_so	4.0	NEUTRAL	A_neutral_B	B_contradicts_A	A young child climbs an indoor rock climbing wall.	A young child climbs an indoor rock climbing wall.	FLICKR	FLICKR	TEST	2565657591_6c1cdfc092.jpg#3
363	675	S1S1_inter	One man is doing a bicycle trick in midair	S1_null	The cyclist is performing a trick in the air	S1_null	4.4	ENTAILMENT	A_entails_B	B_neutral_A	A trick cyclist takes air.	A male doing a bicycle trick in midair.	FLICKR	FLICKR	TEST	2524084967_a5e011b73d.jpg#3
382	705	S1S2_intra	A man and a woman are sitting comfortably on the bench	S1_null	Two people are sitting comfortably on the bench	S2_det,lex	4.6	ENTAILMENT	A_entails_B	B_neutral_A	A man and a woman sitting on a bench.	A man and a woman sitting on a bench.	FLICKR	FLICKR	TEST	3372167201_f7f909d480.jpg#1
383	705	S1S2_intra	A man and a woman are sitting comfortably on the bench	S1_null	Two people are sitting comfortably on the bench	S2_det,lex	4.6	ENTAILMENT	A_entails_B	B_neutral_A	A man and a woman sitting on a bench.	A man and a woman sitting on a bench.	FLICKR	FLICKR	TEST	561940436_64d6fc125d.jpg#0
384	706	S1S3_intra	A man and a woman are sitting comfortably on the bench	S1_null	Nobody is sitting comfortably on the bench	S3_od	3.585	CONTRADICTION	A_contradicts_B	B_contradicts_A	A man and a woman sitting on a bench.	A man and a woman sitting on a bench.	FLICKR	FLICKR	TEST	3372167201_f7f909d480.jpg#1
385	706	S1S3_intra	A man and a woman are sitting comfortably on the bench	S1_null	Nobody is sitting comfortably on the bench	S3_od	3.585	CONTRADICTION	A_contradicts_B	B_contradicts_A	A man and a woman sitting on a bench.	A man and a woman sitting on a bench.	FLICKR	FLICKR	TEST	561940436_64d6fc125d.jpg#0
406	740	S1S2_intra	A married couple is walking down the aisle	S1_null	A couple who have just got married are walking down the isle	S2_lex	4.8	ENTAILMENT	A_entails_B	B_entails_A	A bride and groom leaving after the wedding.	A bride and groom leaving after the wedding.	FLICKR	FLICKR	TEST	3098824948_23c31df031.jpg#0
407	742	S1S4_intra	A married couple is walking down the aisle	S1_null	The priest is walking down the aisle to marry a couple	S4_ws	2.9	NEUTRAL	A_neutral_B	B_neutral_A	A bride and groom leaving after the wedding.	A bride and groom leaving after the wedding.	FLICKR	FLICKR	TEST	3098824948_23c31df031.jpg#0
410	751	S1S3_intra	A classroom is full of students	S1_null	A classroom is empty	S3_so	2.3	CONTRADICTION	A_contradicts_B	B_contradicts_A	A class full of students.	A class full of students.	FLICKR	FLICKR	TEST	3044746136_8b89da5f40.jpg#0
411	758	S1S1_inter	The presentation is being watched by a classroom of students	S1_null	A classroom is full of students	S1_null	3.9	ENTAILMENT	A_entails_B	B_neutral_A	A class full of students.	A classroom of students watching a presentation.	FLICKR	FLICKR	TEST	3044746136_8b89da5f40.jpg#0
423	775	S1S3_intra	A woman, who is old, is near a white dog	S1_null	A woman, who is old, is far from a white dog	S3_so	3.6	NEUTRAL	A_contradicts_B	B_neutral_A	An old woman with a white dog	An old woman with a white dog	FLICKR	FLICKR	TEST	2448210587_9fe7ea5f42.jpg#1
432	801	S1S4_inter	Two people are walking two dogs with golden coats in the snow	S1_null	Two people are in the snow not wearing clothes, which provides camouflage. 	S4_null	2.1	NEUTRAL	A_neutral_B	B_neutral_A	Two people are walking two golden dogs in the snow.	Two people wearing camouflage clothing in the snow with two dogs.	FLICKR	FLICKR	TEST	3120189281_1938460e85.jpg#3
440	808	S1S2_intra	A girl is wearing a t-shirt and has her mouth open.	S1_null	A girl has a t-shirt and is keeping her mouth open	S2_expc	4.6	ENTAILMENT	A_entails_B	B_entails_A	an asian girl looking surprised in front of a brick window	an asian girl looking surprised in front of a brick window	FLICKR	FLICKR	TEST	3286543624_7a327f79ae.jpg#1
441	9813	unrel	A girl is wearing a t-shirt and has her mouth open.	S1_null	A brown and white dog is holding a baseball in its mouth	S1_null	1.6	NEUTRAL	A_neutral_B	B_neutral_A	an asian girl looking surprised in front of a brick window	brown and white dog with a baseball in its mouth	FLICKR	FLICKR	TEST	3286543624_7a327f79ae.jpg#1
443	817	S1S3_intra	A group of people is equipped with protective gear	S1_null	A group of people is equipped with unprotective gear	S3_so	3.5	NEUTRAL	A_neutral_B	B_contradicts_A	A group of people in protective gear.	A group of people in protective gear.	FLICKR	FLICKR	TEST	207930963_af3a2f1784.jpg#0
462	853	S1S2_intra	A black and a white dog are joyfully running on the grass	S1_null	A dog, which has a black coat, and a white dog are running on the grass	S2_expa	4.4	ENTAILMENT	A_entails_B	B_neutral_A	A black and a white dog are running on the grass.	A black and a white dog are running on the grass.	FLICKR	FLICKR	TEST	1351315701_6580b51c41.jpg#0
481	897	S1S3_inter	People are on a beach full of sand by the ocean and are enjoying a sunny day	S1_null	There is no one on the shore	S3_null	3.7	CONTRADICTION	A_contradicts_B	B_contradicts_A	People are enjoying a sunny day on a sandy beach by the ocean.	A bunch of people at the beach.	FLICKR	FLICKR	TEST	442594271_2c3dd38483.jpg#1
492	924	S1S3_intra	The girl in the red shirt is blowing a bubble 	S1_null	The girl in a dyed red shirt isn't blowing a bubble	S3_inv	2.4	CONTRADICTION	A_contradicts_B	B_contradicts_A	girl in red shirt blowing a bubble	girl in red shirt blowing a bubble	FLICKR	FLICKR	TEST	798343627_7492fe0c12.jpg#2
506	951	S1S3_intra	Two young kids are eating corndogs	S1_null	Two young kids are fasting	S3_so	2.8	CONTRADICTION	A_contradicts_B	B_contradicts_A	two young children eat corndogs.	two young children eat corndogs.	FLICKR	FLICKR	TEST	1977827746_4e13d7e19f.jpg#4
511	966	S1S2_inter	A man in a shirt dyed purple is looking at a man in a black shirt who is doing a funny face	S1_null	A man in a pose is being amusedly watched by another man	S2_null	3.5	ENTAILMENT	A_entails_B	B_neutral_A	a man in a purple shirt is looking at a man in a black shirt who is pulling a funny face.	a man watching another man DOA kissing pose	FLICKR	FLICKR	TEST	3444982197_0ff15cc50b.jpg#0
513	972	S1S1_inter	A man in a shirt dyed purple is looking at a man in a black shirt who is doing a funny face	S1_null	A man doing a pose is being watched by another man	S1_null	3.765	ENTAILMENT	A_entails_B	B_neutral_A	a man in a purple shirt is looking at a man in a black shirt who is pulling a funny face.	a man watching another man DOA kissing pose	FLICKR	FLICKR	TEST	3444982197_0ff15cc50b.jpg#0
521	977	S1S3_intra	A man is falling off a horse on a track and is laid in the wild	S1_null	A man is getting on a horse on a track laid in the wild	S3_so	3.8	ENTAILMENT	A_entails_B	B_contradicts_A	A man falls off his horse on a racetrack.	A man falls off his horse on a racetrack.	FLICKR	FLICKR	TEST	2578289278_01516d23a0.jpg#1
525	990	S1S3_intra	The man and the boy are standing at the bottom of the stairs, which are outdoors	S1_null	The man and the boy are standing at the top of the stairs, which are outdoors	S3_so	4.1	CONTRADICTION	A_contradicts_B	B_contradicts_A	The man and the boy are standing at the bottom of the outdoor stairs.	The man and the boy are standing at the bottom of the outdoor stairs.	FLICKR	FLICKR	TEST	2061144717_5b3a1864f0.jpg#4
541	1023	S1S4_intra	A woman is wearing sunglasses of large size and is holding newspapers in both hands	S1_null	A newspaper is featuring a woman with large sized hands holding sunglasses and wearing a coat	S4_ws	2.6	NEUTRAL	A_neutral_B	B_neutral_A	A woman wearing large sunglasses holds newspapers in both hands.	A woman wearing large sunglasses holds newspapers in both hands.	FLICKR	FLICKR	TEST	3386893620_5f0bb4e794.jpg#3
546	1030	S1S4_inter	An old woman is wearing a rose patterned shirt and is clumsily carrying two newspapers	S1_null	A newspaper is featuring a woman with large sized hands holding sunglasses and wearing a coat	S4_null	2.0	NEUTRAL	A_neutral_B	B_neutral_A	An older woman in a rose patterned shirt is carrying two newspapers.	A woman wearing large sunglasses holds newspapers in both hands.	FLICKR	FLICKR	TEST	3386893620_5f0bb4e794.jpg#1
548	1041	S1S2_inter	The snowboarder is leaping over white snow	S1_null	One person who is practicing snowboarding jumps into the air	S2_null	4.0	ENTAILMENT	A_entails_B	B_neutral_A	A snowboarder launches into the air over white snow	a snowboarder jumps into the air.	FLICKR	FLICKR	TEST	2975118353_5af5a5df54.jpg#3
558	9792	unrel	A dog, which is small, is playing on the green grass	S1_null	A woman wearing a blue shirt and high heels is standing on the sidewalk next to the man	S2_null	1.0	NEUTRAL	A_neutral_B	B_neutral_A	A small dog plays on the green grass.	a woman wearing a blue shirt and high heels stands on the sidewalk next to a man	FLICKR	FLICKR	TEST	662606040_8cc8cd9f1b.jpg#3
600	5973	S1S3_intra	A man in a hat is walking through a store	S1_null	A man in a hat is walking past a store	S3_so	4.1	NEUTRAL	A_neutral_B	B_contradicts_A	a man in a hat is making his way through a store	a man in a hat is making his way through a store	FLICKR	FLICKR	TEST	2261550615_b6c25d987b.jpg#2
612	5997	S1S3_intra	A dog with golden fur is in the water	S1_null	A dog with golden fur is out of the water	S3_so	3.7	CONTRADICTION	A_contradicts_B	B_contradicts_A	a dog with golden fur is chest deep in water	a dog with golden fur is chest deep in water	FLICKR	FLICKR	TEST	343073813_df822aceac.jpg#3
622	6011	S1S3_inter	The girl is carrying a sign and a group of people is following her	S1_null	There is no young girl in a blue shirt walking on the sidewalk and holding up a pink sign	S3_null	2.7	CONTRADICTION	A_contradicts_B	B_contradicts_A	a girl carries a sign that reads the rescue while a group of people follow her	a young girl in a blue shirt is walking in the sidewalk and holding up a pink sign that says, the rescue.	FLICKR	FLICKR	TEST	3474912569_7165dc1d06.jpg#0
636	9867	unrel	A dog is chasing the tail of an animal in the grass	S1_null	The blonde girl with the pink top is not smiling and not wearing funny glasses with a large nose attached	S3_null	1.0	NEUTRAL	A_neutral_B	B_neutral_A	a dog chasing an animals tail on the grass	blonde girl with pink top smiling while wearing funny glasses with large nose	FLICKR	FLICKR	TEST	2170222061_e8bce4a32d.jpg#1
638	6040	S1S3_inter	The small child is wading through the water and is being guided by another person	S1_null	There is no young child splashing in the water	S3_null	3.1	CONTRADICTION	A_contradicts_B	B_contradicts_A	a small child wades through the water while being guided by another person	a young child splashing in water	FLICKR	FLICKR	TEST	1118557877_736f339752.jpg#1
657	6066	S1S3_intra	A person in a blue jacket is jumping off of a tall cement wall	S1_null	A person in a blue jacket is jumping onto a tall cement wall	S3_so	4.1	NEUTRAL	A_neutral_B	B_contradicts_A	a person in a blue jacket jumps off of a tan cement wall	a person in a blue jacket jumps off of a tan cement wall	FLICKR	FLICKR	TEST	3244734844_c318c29c23.jpg#3
658	6071	S1S2_inter	A person in a blue jacket is jumping off of a tall cement wall	S1_null	A large jump is being performed by a man	S2_null	4.0	NEUTRAL	A_neutral_B	B_neutral_A	a person in a blue jacket jumps off of a tan cement wall	a man performs a large jump	FLICKR	FLICKR	TEST	3244734844_c318c29c23.jpg#3
662	6079	S1S3_inter	A woman in jeans is sitting on the saddle of a horse	S1_null	There is no person wearing jeans sitting on top of a horse saddle	S3_null	3.9	CONTRADICTION	A_contradicts_B	B_contradicts_A	a woman in jeans is sitting on the saddle of a horse	a person wearing jeans sits on top of a horse saddle	FLICKR	FLICKR	TEST	282960970_574aa1ba49.jpg#1
672	6100	S1S1_inter	A man is standing beside a large and colorful birdcage	S1_null	The man is standing next to a bird cage	S1_null	4.2	ENTAILMENT	A_entails_B	B_neutral_A	the man is standing next to a bird cage	a man is standing beside a large, colorful birdcage containing birds	FLICKR	FLICKR	TEST	2572101672_4d699c8713.jpg#4
683	6118	S1S2_inter	A brown and white dog is holding a baseball in its mouth	S1_null	A baseball is being held in its mouth by a black and white dog	S2_null	3.9	ENTAILMENT	A_entails_B	B_neutral_A	brown and white dog with a baseball in its mouth	black and white dog holding a baseball in mouth	FLICKR	FLICKR	TEST	390671130_09fdccd52f.jpg#4
693	6126	S1S3_intra	A young boy wearing a red swimsuit is jumping into a blue kiddies pool	S1_null	A young boy wearing a red swimsuit is jumping out of a blue kiddies pool	S3_so	3.8	CONTRADICTION	A_contradicts_B	B_contradicts_A	a young boy wearing a red swimsuit jumps into a blue kiddie pool	a young boy wearing a red swimsuit jumps into a blue kiddie pool	FLICKR	FLICKR	TEST	2501595799_6316001e89.jpg#4
714	6168	S1S3_inter	The boy and the girl are playing and wearing arm floats	S1_null	A boy and a girl are naked	S3_null	1.9	NEUTRAL	A_neutral_B	B_neutral_A	the boy and girl are playing with arm floats on	a little boy and girl in their swimsuits wearing arm floats	FLICKR	FLICKR	TEST	2951092164_4940b9a517.jpg#3
716	6172	S1S4_intra	A woman in a yellow shirt is surfing on a pink surfboard	S1_null	A woman in a pink shirt is surfing through yellow surfboards	S4_ws	3.5	NEUTRAL	A_neutral_B	B_neutral_A	a woman in a yellow shirt surfs on a pink surfboard	a woman in a yellow shirt surfs on a pink surfboard	FLICKR	FLICKR	TEST	3707990914_843e8f15f1.jpg#2
746	6216	S1S2_inter	A man is sitting on a boat in font of the sunset, near a flag	S1_null	A man is on a ship in front of the sunset	S2_null	3.8	ENTAILMENT	A_entails_B	B_neutral_A	a man sits on a boat in the sunset near a flag	a man in a boat in front of a sunset	FLICKR	FLICKR	TEST	160805827_5e6646b753.jpg#2
766	7832	S1S3_intra	The brown dog is jumping in the air	S1_null	A brown dog is jumping in the water	S3_so	3.6	NEUTRAL	A_neutral_B	B_neutral_A	a brown dog jumps in the air	a brown dog jumps in the air	FLICKR	FLICKR	TEST	2303426046_09cfd7bc4e.jpg#0
767	7832	S1S3_intra	The brown dog is jumping in the air	S1_null	A brown dog is jumping in the water	S3_so	3.6	NEUTRAL	A_neutral_B	B_neutral_A	a brown dog jumps in the air	a brown dog jumps in the air	FLICKR	FLICKR	TEST	3439414478_8038ba9409.jpg#2
777	6251	S1S3_intra	A policeman is sitting on a motorcycle	S1_null	A policeman is getting off of a motorcycle	S3_so	2.7	CONTRADICTION	A_contradicts_B	B_contradicts_A	a policeman sits on a motorcycle	a policeman sits on a motorcycle	FLICKR	FLICKR	TEST	3240014971_ee2ea8406f.jpg#2
779	6257	S1S3_inter	A policeman is sitting on a motorcycle	S1_null	The cop is not sitting on a police bike	S3_null	3.4	CONTRADICTION	A_contradicts_B	B_contradicts_A	a policeman sits on a motorcycle	a cop sitting on his police bike	FLICKR	FLICKR	TEST	3240014971_ee2ea8406f.jpg#2
785	6265	S1S2_inter	Two women are wearing bikinis and are walking on the sand	S1_null	Two women are wearing bikinis on the beach which is sandy	S2_null	4.4	ENTAILMENT	A_entails_B	B_neutral_A	two women wearing bikinis are walking on the sand	two women wearing bikinis on a sandy beach	FLICKR	FLICKR	TEST	2883950737_3b67d24af4.jpg#3
792	6279	S1S4_intra	A black dog is running in the grass and its tongue is hanging out	S1_null	A black dog is hanging out in the grass and running with its tongue out	S4_ws	4.6	ENTAILMENT	A_entails_B	B_entails_A	a black dog runs in the grass, its tongue hanging out	a black dog runs in the grass, its tongue hanging out	FLICKR	FLICKR	TEST	3419634480_c390f62a6e.jpg#2
821	6332	S1S3_inter	The little girl in a pink shirt is running under a tree in the desert	S1_null	There is no girl wearing jeans and a pink shirt and running	S3_null	2.5	CONTRADICTION	A_contradicts_B	B_contradicts_A	the little girl in the pink shirt is running under a tree in the desert	a girls wearing jeans and a pink shirt runs	FLICKR	FLICKR	TEST	2364774105_fbaf0c191f.jpg#2
824	6343	S1S3_inter	A white dog is wearing a Christmas reindeer headband and is playing with a brown dog in the grass	S1_null	The white dog is not wearing reindeer ears and isn't near a brown dog	S3_null	3.4	CONTRADICTION	A_contradicts_B	B_contradicts_A	a white dog wearing reindeer ears is next to a brown dog	a white dog wearing a christmas reindeer headband plays with a brown dog in the grass among some stuffed animals	FLICKR	FLICKR	TEST	2071309418_1d7580b0f0.jpg#1
829	9865	unrel	Two children are playing soccer in the park	S1_null	There is no white dog wearing a Christmas reindeer headband and playing with a brown dog in the grass	S3_null	1.1	NEUTRAL	A_neutral_B	B_neutral_A	a white dog wearing a christmas reindeer headband plays with a brown dog in the grass among some stuffed animals	two children play soccer in the park	FLICKR	FLICKR	TEST	2071309418_1d7580b0f0.jpg#0
836	6361	S1S2_inter	The woman in a red costume is leaning against a brick wall and playing an instrument	S1_null	An instrument is being played by a woman in a red dress	S2_null	3.8	NEUTRAL	A_neutral_B	B_neutral_A	a woman wearing a red costume plays an instrument against a brick wall	a woman in a red dress playing an instrument	FLICKR	FLICKR	TEST	2836325261_a3bf5c59be.jpg#4
837	6365	S1S3_intra	The child is playing with toys outdoors	S1_null	The child is playing with toys indoors	S3_so	3.5	NEUTRAL	A_contradicts_B	B_neutral_A	the bundled up child is playing with toys outdoors	the bundled up child is playing with toys outdoors	FLICKR	FLICKR	TEST	3226796100_08c49cfa5c.jpg#4
858	6400	S1S3_inter	A dog is herding a pack of white sheep on a dusty farm	S1_null	A sheepdog is dispersing a herd of sheep	S3_null	4.4	NEUTRAL	A_neutral_B	B_neutral_A	a sheepdog is rounding up a herd of sheep	a wolf-like dog herds a pack of white sheep on a dusty farm	FLICKR	FLICKR	TEST	843616798_5ab0ecb525.jpg#3
864	6414	S1S1_inter	A black man is break dancing on the pavement	S1_null	The dark skinned male is standing on one hand in front of a yellow building	S1_null	3.9	NEUTRAL	A_neutral_B	B_neutral_A	a darked skinned male is standing on one palm in front of a yellow building	this black man appears to be break dancing on the pavement	FLICKR	FLICKR	TEST	2529116152_4331dabf50.jpg#0
894	6430	S1S4_intra	The man is playing the guitar and has the guitar case open for donations	S1_null	The man is opening the guitar for donations and plays with the case	S4_ws	2.7	NEUTRAL	A_neutral_B	B_contradicts_A	a man plays his guitar with the case open for donations	a man plays his guitar with the case open for donations	FLICKR	FLICKR	TEST	3315353266_70f0bbb1c3.jpg#4
920	6485	S1S1_inter	A person is standing in a vast field of glacial ice	S1_null	The person is standing on white ice	S1_null	4.4	ENTAILMENT	A_entails_B	B_neutral_A	a person stands in a vast field of glacial ice	the person is standing on white ice	FLICKR	FLICKR	TEST	321229104_3cbaf0f51c.jpg#1
928	6494	S1S1_inter	A woman is snowboarding down an incline and another woman is standing behind her	S1_null	A blond boy is sliding down a sand dune on a skateboard	S1_null	1.1	NEUTRAL	A_neutral_B	B_neutral_A	a blond boy slides down a sand dune on a skateboard with no wheels	a woman is snowboarding down an incline while another woman stands behind	FLICKR	FLICKR	TEST	3328646934_5cca4cebce.jpg#0
931	6505	S1S1_inter	The man is taking a picture of himself and another guy	S1_null	A man is holding up an electronic device	S1_null	3.4	ENTAILMENT	A_entails_B	B_neutral_A	a man takes a picture of himself and another guy	a man holds up an electronic device while he and another male look on	FLICKR	FLICKR	TEST	3042484940_0975a5e486.jpg#2
943	6522	S1S2_inter	The sun is shining on the face of the girl who is in a yellow dress	S1_null	Children are surrounding a girl in a brown dress who is closing her eyes	S2_null	1.8	NEUTRAL	A_neutral_B	B_neutral_A	a girl in a yellow dress with the sun shining on her face	a girl in a brown dress surrounded by children closes her eyes	FLICKR	FLICKR	TEST	1211015912_9f3ee3a995.jpg#1
945	6524	S1S4_inter	The sun is shining on the face of the girl who is in a yellow dress	S1_null	A girl is surrounding brown dressed children who are closing the eyes	S4_null	1.9	NEUTRAL	A_neutral_B	B_neutral_A	a girl in a yellow dress with the sun shining on her face	a girl in a brown dress surrounded by children closes her eyes	FLICKR	FLICKR	TEST	1211015912_9f3ee3a995.jpg#1
960	6556	S1S3_intra	Two people are looking at a gold statue	S1_null	Two people are ignoring the nearby gold statue	S3_so	3.6	CONTRADICTION	A_contradicts_B	B_contradicts_A	two people look up towards a gold statue	two people look up towards a gold statue	FLICKR	FLICKR	TEST	201682811_105241dee3.jpg#2
970	6573	S1S3_inter	A woman is wearing a blue helmet and is riding a bicycle in a parking lot	S1_null	The bicyclist is not riding on a city street	S3_null	3.3	ENTAILMENT	A_entails_B	B_neutral_A	a woman wearing a blue helmet rides her bicycle in a parking lot	a bicyclist riding on a city street	FLICKR	FLICKR	TEST	1142847777_2a0c1c2551.jpg#4
981	6587	S1S3_intra	A young girl is standing on one leg	S1_null	A young girl is standing on both legs	S3_so	4.0	CONTRADICTION	A_contradicts_B	B_contradicts_A	a young girl stands on one leg	a young girl stands on one leg	FLICKR	FLICKR	TEST	2477623312_58e8e8c8af.jpg#2
1010	6639	S1S1_inter	A horse is leaping a hurdle and has a rider on its back	S1_null	A horse and its rider are leaping over a barrier	S1_null	4.6	ENTAILMENT	A_entails_B	B_entails_A	a horse leaps a hurdle with a rider on its back	horse and rider leap over a barrier	FLICKR	FLICKR	TEST	3211581957_df2f7e2236.jpg#2
1014	6643	S1S3_intra	A football player in a red and white uniform is being lifted by two teammates	S1_null	A football player in a red and white uniform is being pulled down by two teammates	S3_so	3.2	CONTRADICTION	A_contradicts_B	B_contradicts_A	a sooners football player in his red and white uniform being lifted by two teamates dressed the same	a sooners football player in his red and white uniform being lifted by two teamates dressed the same	FLICKR	FLICKR	TEST	241347214_5f19e7998c.jpg#0
1040	6693	S1S2_inter	Four middle eastern children, three girls and one boy, are climbing on the grotto with a pink interior	S1_null	A group of kids is playing on a structure which is colorful	S2_null	3.785	ENTAILMENT	A_entails_B	B_neutral_A	four middle eastern children, three girls and one boy, climb on a grotto with a pink interior	a group of kids play on a colorful structure	FLICKR	FLICKR	TEST	509241560_00e5b20562.jpg#3
1061	6732	S1S3_inter	A child is making a snow ball	S1_null	There is no kid in orange playing outside with a snowball	S3_null	3.2	NEUTRAL	A_contradicts_B	B_neutral_A	a child makes a ball out of snow	a kid in orange plays with a ball of snow outside	FLICKR	FLICKR	TEST	2052702658_da1204f6d1.jpg#3
1072	6753	S1S1_inter	Two people are sitting in lawn chairs and are reading books	S1_null	Two people in two chairs are reading	S1_null	4.5	ENTAILMENT	A_entails_B	B_neutral_A	two people in lawn chairs reading books	two people in chairs reading	FLICKR	FLICKR	TEST	2518853257_02f30e282e.jpg#2
1109	6820	S1S1_inter	A man on a bicycle is riding on the beach	S1_null	A person is riding a bicycle in the sand beside the ocean	S1_null	4.5	ENTAILMENT	A_entails_B	B_neutral_A	a man on a bicycle riding on the beach	a person rides his bicycle in the sand beside the ocean	FLICKR	FLICKR	TEST	2137789511_69a6c6afa8.jpg#0
1119	6836	S1S2_inter	The kids are chasing each other in the sand	S1_null	The little boy is running on the ground and playing with a little girl	S2_null	3.3	NEUTRAL	A_neutral_B	B_neutral_A	two kids chasing each other in the sand	a little boy is running on the round playing with a little girl	FLICKR	FLICKR	TEST	2776029171_5abdd5a22f.jpg#3
1131	6860	S1S1_inter	A dog is running up a grassy hill	S1_null	A dog is running uphill	S1_null	4.4	ENTAILMENT	A_entails_B	B_neutral_A	a dog running uphill	a dog is running up a grassy hill	FLICKR	FLICKR	TEST	3361411074_83f27d2a1c.jpg#3
1141	6878	S1S1_inter	Two white dogs are running and jumping along a beach	S1_null	Two dogs are playing on the beach	S1_null	4.185	ENTAILMENT	A_entails_B	B_neutral_A	two dogs playing on the beach	two white dogs are running and jumping along a beach with the ocean behind them	FLICKR	FLICKR	TEST	2056042552_f59e338533.jpg#1
1142	6878	S1S1_inter	Two white dogs are running and jumping along a beach	S1_null	Two dogs are playing on the beach	S1_null	4.185	ENTAILMENT	A_entails_B	B_neutral_A	two dogs playing on the beach	two white dogs are running and jumping along a beach with the ocean behind them	FLICKR	FLICKR	TEST	3585487286_ef9a8d4c56.jpg#2
1161	6917	S1S4_intra	A man is holding a sign and is seeking money	S1_null	A man is seeking a sign and is holding some money	S4_ws	3.0	NEUTRAL	A_neutral_B	B_neutral_A	a man holds a sign seeking money	a man holds a sign seeking money	FLICKR	FLICKR	TEST	518251319_40e031e818.jpg#3
1166	6930	S1S2_inter	A snowboarder is doing a flip over a mound of snow	S1_null	Somebody is leaping in the air on a board	S2_null	3.6	ENTAILMENT	A_entails_B	B_neutral_A	a snowboarder is doing a flip over a mound of snow	somebody in the air on a board	FLICKR	FLICKR	TEST	2971431335_e192613db4.jpg#0
1173	6949	S1S3_intra	A blonde boy in green is sitting on a swing	S1_null	A blonde boy in green is standing on a swing	S3_so	4.3	CONTRADICTION	A_contradicts_B	B_contradicts_A	a blonde boy in green is on a swing	a blonde boy in green is on a swing	FLICKR	FLICKR	TEST	2362481035_a7600875d0.jpg#0
1204	7010	S1S2_inter	A white dog is standing on fallen leaves	S1_null	One white dog is standing on the leaves on the ground	S2_null	4.5	ENTAILMENT	A_entails_B	B_entails_A	a white dog standing on fallen leaves	a white dog standing on leaves on the ground	FLICKR	FLICKR	TEST	3439243433_d5f3508612.jpg#1
1208	7012	S1S2_inter	A white dog is standing on the leaves on the ground	S1_null	A dog, which is white, is standing on fallen leaves	S2_null	4.8	ENTAILMENT	A_entails_B	B_entails_A	a white dog standing on leaves on the ground	a white dog standing on fallen leaves	FLICKR	FLICKR	TEST	3439243433_d5f3508612.jpg#2
1228	7042	S1S2_inter	A biker with a blue jacket, black pants and a white helmet is driving on dirt and people are watching	S1_null	Blue and black pants are being worn by the motocross rider	S2_null	3.9	ENTAILMENT	A_entails_B	B_neutral_A	a biker with a blue jacket, black pants, and white helmet driving on dirt while people watch	the motocross rider wearing blue and black pants	FLICKR	FLICKR	TEST	3458559770_12cf9f134e.jpg#0
1240	7067	S1S3_intra	A man on inline skates is skating at a skate park	S1_null	A man on inline skates is resting at a skate park	S3_so	3.65	NEUTRAL	A_neutral_B	B_neutral_A	a man on inline-skates at a skate park	a man on inline-skates at a skate park	FLICKR	FLICKR	TEST	3625049113_554d82c2a1.jpg#0
1242	7068	S1S2_inter	A rollerblader is performing a trick on a ramp	S1_null	A man on inline skates is skating at a park built for skating	S2_null	3.915	NEUTRAL	A_neutral_B	B_neutral_A	a rollerblader is performing a trick on a ramp	a man on inline-skates at a skate park	FLICKR	FLICKR	TEST	3625049113_554d82c2a1.jpg#2
1244	7072	S1S1_inter	A rollerblader is performing a trick on a ramp	S1_null	A man on inline skates is skating at a skate park	S1_null	3.7	NEUTRAL	A_neutral_B	B_neutral_A	a rollerblader is performing a trick on a ramp	a man on inline-skates at a skate park	FLICKR	FLICKR	TEST	3625049113_554d82c2a1.jpg#2
1268	7106	S1S4_intra	A small girl is riding in a toy car	S1_null	A small toy girl is in a riding car	S4_ws	2.7	NEUTRAL	A_neutral_B	B_neutral_A	small girl riding in play car	small girl riding in play car	FLICKR	FLICKR	TEST	2422302286_385725e3cf.jpg#2
1269	7111	S1S3_inter	A small girl is riding in a toy car	S1_null	There is no child sitting in a red and yellow toy car	S3_null	3.9	CONTRADICTION	A_contradicts_B	B_contradicts_A	small girl riding in play car	there is a child in a red and yellow toy car	FLICKR	FLICKR	TEST	2422302286_385725e3cf.jpg#2
1279	7128	S1S2_inter	A brown dog and a black dog are playing in the sand	S1_null	The black dog is playing with the brown dog on the sand	S2_null	5.0	ENTAILMENT	A_entails_B	B_entails_A	a brown dog and a black dog in the sand	a black dog plays with a brown dog on the sand	FLICKR	FLICKR	TEST	260231029_966e2f1727.jpg#2
1283	7137	S1S3_inter	A woman and three men are posing for a photo	S1_null	Three men and a woman are running away from a picture	S3_null	3.0	CONTRADICTION	A_contradicts_B	B_contradicts_A	a woman and three men are posing for a photo	three men and a woman posing for picture	FLICKR	FLICKR	TEST	3721812313_6000566803.jpg#1
1292	7158	S1S3_inter	The black dog is walking through the tall grass	S1_null	The black dog is not running through the grass	S3_null	4.4	ENTAILMENT	A_entails_B	B_neutral_A	the black dog is walking through the tall grass	the black dog is running through the grass	FLICKR	FLICKR	TEST	1361420539_e9599c60ae.jpg#4
1313	7190	S1S2_inter	Two small boys dressed in tuxedos are sitting on a red carpeted floor	S1_null	Two little kids are wearing tuxedos	S2_null	4.5	ENTAILMENT	A_entails_B	B_neutral_A	two little boys in tuxedos	two small boys dressed in tuxedos sitting on a red carpeted floor	FLICKR	FLICKR	TEST	2638981862_6b23833f37.jpg#0
1314	7192	S1S1_inter	Two small boys dressed in tuxedos are sitting on a red carpeted floor	S1_null	Two little boys are wearing tuxedos	S1_null	4.4	ENTAILMENT	A_entails_B	B_neutral_A	two little boys in tuxedos	two small boys dressed in tuxedos sitting on a red carpeted floor	FLICKR	FLICKR	TEST	2638981862_6b23833f37.jpg#0
1317	7191	S1S3_inter	Two small boys dressed in tuxedos are sitting on a red carpeted floor	S1_null	Two little boys are not wearing tuxedos	S3_null	2.8	CONTRADICTION	A_contradicts_B	B_contradicts_A	two small boys dressed in tuxedos sitting on a red carpeted floor	two little boys in tuxedos	FLICKR	FLICKR	TEST	2638981862_6b23833f37.jpg#1
1327	7212	S1S1_inter	A dog with a muzzle and a blue jacket is running around the yard	S1_null	A dog with a blue blanket is running through the grass	S1_null	3.7	ENTAILMENT	A_entails_B	B_neutral_A	a dog with a blue blanket runs through the grass	a dog with a muzzle and blue jacket runs around the yard	FLICKR	FLICKR	TEST	2393410666_b8c20fff61.jpg#2
1328	7206	S1S4_intra	A dog with a muzzle and a blue jacket is running around the yard	S1_null	A dog with a blue muzzle is running around the yard with a jacket	S4_ws	3.8	NEUTRAL	A_neutral_B	B_neutral_A	a dog with a muzzle and blue jacket runs around the yard	a dog with a muzzle and blue jacket runs around the yard	FLICKR	FLICKR	TEST	2393410666_b8c20fff61.jpg#3
1355	7260	S1S2_inter	The man is doing a wheelie on a mountain bike	S1_null	A person on a bike is riding on one wheel only	S2_null	4.5	ENTAILMENT	A_entails_B	B_neutral_A	a man is doing a wheelie on a mountain bike	man on a bicycle riding on only one wheel	FLICKR	FLICKR	TEST	990890291_afc72be141.jpg#1
1356	7261	S1S3_inter	The man is doing a wheelie on a mountain bike	S1_null	There is no man on a bicycle riding on one wheel only	S3_null	4.1	CONTRADICTION	A_contradicts_B	B_contradicts_A	a man is doing a wheelie on a mountain bike	man on a bicycle riding on only one wheel	FLICKR	FLICKR	TEST	990890291_afc72be141.jpg#1
1358	7265	S1S1_inter	The man is doing a wheelie on a mountain bike	S1_null	A man on a bicycle is riding on one wheel only	S1_null	4.4	ENTAILMENT	A_entails_B	B_neutral_A	a man is doing a wheelie on a mountain bike	man on a bicycle riding on only one wheel	FLICKR	FLICKR	TEST	990890291_afc72be141.jpg#1
1366	7288	S1S4_intra	The elderly lady is waiting on the sidewalk	S1_null	The elderly person is waiting a lady on the sidewalk	S4_ws	3.6	NEUTRAL	A_neutral_B	B_neutral_A	the elderly lady waits on the sidewalk	the elderly lady waits on the sidewalk	FLICKR	FLICKR	TEST	2307807200_91fa29cba1.jpg#4
1371	7303	S1S1_inter	A young child is running down a gravel road that is covered with dead leaves	S1_null	A young child is running outside over the fallen leaves	S1_null	4.1	ENTAILMENT	A_entails_B	B_neutral_A	a young child runs down a gravel road covered with dead leaves	a young child runs outside amidst fall leaves	FLICKR	FLICKR	TEST	2571096893_694ce79768.jpg#1
1392	7342	S1S4_inter	The men are climbing a mountain	S1_null	One climber is holding a rock and another man is roping a wall	S4_null	3.7	NEUTRAL	A_neutral_B	B_neutral_A	two men climbing a mountain	one man is climbing a rock wall, while another man, below, holds a rope	FLICKR	FLICKR	TEST	405534893_2d0f3b0147.jpg#4
1396	7351	S1S2_inter	Two children are playing on a statue	S1_null	Small kids are climbing a statue in a park	S2_null	4.2	ENTAILMENT	A_entails_B	B_neutral_A	two children playing on a statue	small children climb a statue in a park	FLICKR	FLICKR	TEST	1428681303_04213524e3.jpg#3
1399	7354	S1S2_inter	Small children are climbing a statue in a park	S1_null	Some children are playing on a statue	S2_null	4.4	ENTAILMENT	A_entails_B	B_neutral_A	small children climb a statue in a park	two children playing on a statue	FLICKR	FLICKR	TEST	1428681303_04213524e3.jpg#1
1415	7385	S1S1_inter	A smiling boy in winter clothes is waving his mittened hands outside a building in the snow	S1_null	A young child dressed for cold weather is standing outside	S1_null	4.1	ENTAILMENT	A_entails_B	B_neutral_A	a smiling boy in winter clothes waves his mittened hands outside a building in the snow	a young child dressed for cold weather is outside	FLICKR	FLICKR	TEST	2171576939_d1e72daab2.jpg#2
1425	7403	S1S1_inter	A man and a child are kayaking through gentle waters	S1_null	A man and a young boy are riding in a yellow kayak	S1_null	4.4	NEUTRAL	A_neutral_B	B_neutral_A	a man and child kayak through gentle waters	a man and young boy ride in a yellow kayak	FLICKR	FLICKR	TEST	1028205764_7e8df9a2ea.jpg#2
1430	7415	S1S4_intra	A dog is chasing a ball in the grass	S1_null	A dog with a ball is being chased in the grass	S4_ws	3.1	NEUTRAL	A_neutral_B	B_neutral_A	a dog chases a nerf ball in the grass	a dog chases a nerf ball in the grass	FLICKR	FLICKR	TEST	3561433412_3985208d53.jpg#0
1447	7435	S1S2_intra	The bearded man is sitting on a train	S1_null	The hairy man is sitting on a train	S2_lex	4.0	NEUTRAL	A_neutral_B	B_neutral_A	a bearded man on a train	a bearded man on a train	FLICKR	FLICKR	TEST	2985679744_75a7102aab.jpg#0
1450	7443	S1S3_intra	A small child is showing excitement on a swing set at the park	S1_null	A small child is showing boredom on a swing set at the park	S3_so	3.8	NEUTRAL	A_neutral_B	B_neutral_A	a small child shows excitement on a swing set at the park	a small child shows excitement on a swing set at the park	FLICKR	FLICKR	TEST	2977246776_b14be8290d.jpg#2
1451	7449	S1S3_inter	A small child is showing excitement on a swing set at the park	S1_null	The little girl is not swinging and the woman is not standing behind her	S3_null	3.6	NEUTRAL	A_neutral_B	B_neutral_A	a small child shows excitement on a swing set at the park	a little girl swings, a woman stands behind her	FLICKR	FLICKR	TEST	2977246776_b14be8290d.jpg#2
1455	7447	S1S4_intra	The little girl is swinging and the woman is standing behind her	S1_null	The girl is standing behind the little woman who is swinging	S4_ws	3.4	CONTRADICTION	A_contradicts_B	B_contradicts_A	a little girl swings, a woman stands behind her	a little girl swings, a woman stands behind her	FLICKR	FLICKR	TEST	2977246776_b14be8290d.jpg#0
1458	7460	S1S2_inter	A man is performing a trick on a surfboard in the water	S1_null	The wave is being ridden by a surfer	S2_null	3.9	NEUTRAL	A_neutral_B	B_neutral_A	a man performs a trick on a surfboard in the water	a surfer rides the wave	FLICKR	FLICKR	TEST	3073535022_4af81f360c.jpg#0
1459	7465	S1S1_inter	A surfer is riding the wave	S1_null	A man is performing a trick on a surfboard in the water	S1_null	3.6	NEUTRAL	A_neutral_B	B_neutral_A	a man performs a trick on a surfboard in the water	a surfer rides the wave	FLICKR	FLICKR	TEST	3073535022_4af81f360c.jpg#0
1463	7473	S1S2_inter	A man and two women in a darkened room are sitting at a table with candles	S1_null	The group of people is sitting in a room which is dim	S2_null	4.5	ENTAILMENT	A_entails_B	B_neutral_A	a man and two women sit in a darkened room at a table with candles	a group of people in a dim room	FLICKR	FLICKR	TEST	3266399073_40820596d5.jpg#1
1466	7478	S1S3_intra	A man in a white shirt and sunglasses and a man in a black shirt and sunglasses are sitting at a table with four beer bottles	S1_null	There are no men sitting at the table with four beer bottles	S3_od	2.8	CONTRADICTION	A_contradicts_B	B_contradicts_A	a man in a white shirt and sunglasses and a man in a black shirt and sunglasses sit at a table with four beer bottles	a man in a white shirt and sunglasses and a man in a black shirt and sunglasses sit at a table with four beer bottles	FLICKR	FLICKR	TEST	3416339125_0860d3d1eb.jpg#0
1471	7484	S1S3_inter	Two guys are sitting around a table and holding beers in their hands	S1_null	There are no men sitting at the table with four beer bottles	S3_null	3.0	CONTRADICTION	A_contradicts_B	B_contradicts_A	there are two guys sitting around a table, both with beers in their hands	a man in a white shirt and sunglasses and a man in a black shirt and sunglasses sit at a table with four beer bottles	FLICKR	FLICKR	TEST	3416339125_0860d3d1eb.jpg#1
1515	7574	S1S1_inter	A person on a bike is jumping through the air and the sun is flaring through the bike frame	S1_null	The person is flying through the air on a bicycle	S1_null	4.2	ENTAILMENT	A_entails_B	B_neutral_A	a person flying through the air on a bicycle	a person on a bike flies through the air with the sun flaring through the bike frame	FLICKR	FLICKR	TEST	3522076584_7c603d2ac5.jpg#2
1538	7617	S1S4_intra	A woman in a purple top is walking a bicycle between two stone columns	S1_null	A stone woman and bicycle are on top of two purple columns, between which people are walking	S4_ws	2.3	NEUTRAL	A_neutral_B	B_neutral_A	a woman in a purple top is walking a bicycle between two stone columns	a woman in a purple top is walking a bicycle between two stone columns	FLICKR	FLICKR	TEST	3068994801_b2bc079e67.jpg#2
1545	7624	S1S4_inter	A girl dressed in purple and blue is walking beside her bike at night	S1_null	A stone woman and bicycle are on top of two purple columns, between which people are walking	S4_null	1.8	NEUTRAL	A_neutral_B	B_neutral_A	a girl dressed in purple and blue walks beside her bike at night	a woman in a purple top is walking a bicycle between two stone columns	FLICKR	FLICKR	TEST	3068994801_b2bc079e67.jpg#0
1551	7632	S1S2_inter	A man is wearing a red jacket and standing beside a yellow canoe on some rocks with water in the background	S1_null	The man in the red jacket is standing next to the yellow kayak on some rocks by the ocean	S2_null	3.9	ENTAILMENT	A_entails_B	B_entails_A	a man wearing a red jacket standing beside a yellow canoe on some rocks with water in the background	a man in a red jacket stands next to a yellow kayak on rocks by the ocean	FLICKR	FLICKR	TEST	2641770481_c98465ff35.jpg#3
1554	7640	S1S2_inter	The black dog is walking along a tree trunk bridge over water	S1_null	A river is being crossed by a dog on a bridge made from a fallen tree	S2_null	4.2	ENTAILMENT	A_entails_B	B_neutral_A	the black dog is walking along a tree trunk bridge over water	a dog crossing a river on a bridge made of a fallen tree	FLICKR	FLICKR	TEST	247704641_d883902277.jpg#3
1557	7645	S1S1_inter	The black dog is walking along a tree trunk bridge over water	S1_null	A dog is crossing a river on a bridge made from a fallen tree	S1_null	4.4	NEUTRAL	A_neutral_B	B_neutral_A	the black dog is walking along a tree trunk bridge over water	a dog crossing a river on a bridge made of a fallen tree	FLICKR	FLICKR	TEST	247704641_d883902277.jpg#3
1571	7674	S1S1_inter	The man is doing a handstand on the wet sand at the edge of the water at the beach	S1_null	A man is performing a handstand on the beach	S1_null	4.1	ENTAILMENT	A_entails_B	B_entails_A	the male is doing a handstand on the wet sand at the edge of the water at the beach	a man is performing a handstand on the beach	FLICKR	FLICKR	TEST	3398746625_5199beea71.jpg#4
1572	7676	S1S3_intra	A young boy is playing in the park with his mother	S1_null	There is no young boy playing in the park with his mother	S3_od	2.6	CONTRADICTION	A_contradicts_B	B_contradicts_A	a young boy is playing in the park with his mother	a young boy is playing in the park with his mother	FLICKR	FLICKR	TEST	3263141261_db3a4798b5.jpg#4
1576	7679	S1S3_intra	A boy in blue is running away from a woman in blue	S1_null	A boy in blue is running towards a woman in blue	S3_so	3.7	NEUTRAL	A_contradicts_B	B_neutral_A	a boy in blue runs away from a woman in blue	a boy in blue runs away from a woman in blue	FLICKR	FLICKR	TEST	3263141261_db3a4798b5.jpg#0
1580	7690	S1S2_inter	A little boy with brown hair is jumping off of a brown chair onto the floor	S1_null	A young boy is quickly jumping off a chair	S2_null	4.1	ENTAILMENT	A_entails_B	B_neutral_A	a little boy with brown hair jumped off of a brown chair onto the floor	a young boy jumping off a chair	FLICKR	FLICKR	TEST	2823200990_7b02b7cc36.jpg#2
1582	7694	S1S1_inter	A little boy with brown hair is jumping off of a brown chair onto the floor	S1_null	A young boy is jumping off a chair	S1_null	4.2	ENTAILMENT	A_entails_B	B_neutral_A	a little boy with brown hair jumped off of a brown chair onto the floor	a young boy jumping off a chair	FLICKR	FLICKR	TEST	2823200990_7b02b7cc36.jpg#2
1609	7738	S1S3_intra	A dog is playing alone on a beach covered by snow	S1_null	A dog is sleeping on a beach covered by snow	S3_so	2.9	NEUTRAL	A_contradicts_B	B_neutral_A	a dog is playing by itself on a beach that has recently seen snowfall	a dog is playing by itself on a beach that has recently seen snowfall	FLICKR	FLICKR	TEST	426191845_1e979e9345.jpg#0
1618	7748	S1S3_intra	A great dog is climbing a steep hill	S1_null	A great dog is getting down a steep hill	S3_so	3.6	CONTRADICTION	A_contradicts_B	B_contradicts_A	a great dane climbing a steep hill	a great dane climbing a steep hill	FLICKR	FLICKR	TEST	2738077433_10e6264b6f.jpg#2
1629	7773	S1S4_inter	A surfer is riding a big wave across dark green water	S1_null	The big surfer is riding and waving	S4_null	3.7	NEUTRAL	A_neutral_B	B_neutral_A	a surfer rides a big wave across dark green water	the surfer is coming in from riding a big wave	FLICKR	FLICKR	TEST	3214151585_f2d0b00b41.jpg#3
1649	7812	S1S1_inter	A man is squatting in brush and taking a photograph	S1_null	A man is crouching and holding a camera	S1_null	4.3	ENTAILMENT	A_entails_B	B_neutral_A	a man crouching and holding a camera	a man is squatting in brush to take a photograph	FLICKR	FLICKR	TEST	708945669_08e7ffb9a7.jpg#1
1670	7845	S1S3_inter	A man on a motorcycle is riding on a track and waving	S1_null	The person on the motorcycle is not holding up an arm	S3_null	3.5	CONTRADICTION	A_contradicts_B	B_contradicts_A	a man on a motorcycle riding on a track and waving	the person on the motorcycle is holding up his arm	FLICKR	FLICKR	TEST	2911928620_06c3fa293e.jpg#1
1692	7882	S1S2_inter	Three people are driving ATVs	S1_null	Three people are driving four wheel vehicles in a field	S2_null	4.2	ENTAILMENT	A_entails_B	B_neutral_A	three people drive atvs	three people on four wheel atv's in a field	FLICKR	FLICKR	TEST	109823394_83fcb735e1.jpg#0
1696	7885	S1S3_inter	Three people are driving four wheel ATVs in a field	S1_null	There are no people driving ATVs	S3_null	3.3	CONTRADICTION	A_contradicts_B	B_contradicts_A	three people on four wheel atv's in a field	three people drive atvs	FLICKR	FLICKR	TEST	109823394_83fcb735e1.jpg#3
1709	7907	S1S4_intra	A dog is jumping at a shiny blue soccer ball in a field of dry leaves	S1_null	A dog is jumping at dry leaves in a field of shiny blue soccer balls	S4_ws	3.5	NEUTRAL	A_neutral_B	B_neutral_A	a dog jumps at a shiny blue soccer ball in a field of dry leaves	a dog jumps at a shiny blue soccer ball in a field of dry leaves	FLICKR	FLICKR	TEST	312156254_ef31dca5ed.jpg#3
1720	7922	S1S2_inter	A dog is running through a field and is chasing a ball	S1_null	A dog is running towards a toy	S2_null	4.1	ENTAILMENT	A_entails_B	B_neutral_A	a dog runs through a field chasing a ball	a dog is running towards a ball	FLICKR	FLICKR	TEST	895502702_5170ada2ee.jpg#4
1741	7960	S1S1_inter	A basketball player is on the court floor and another one is grabbing the ball	S1_null	Two basketball players are scrambling for the ball on the court	S1_null	4.3	ENTAILMENT	A_entails_B	B_neutral_A	two basketball players are scrambling for the ball on the court	basketball player has fallen on the court while another grabs at the ball from out of frame	FLICKR	FLICKR	TEST	2529205842_bdcb49d65b.jpg#1
1746	7965	S1S3_intra	A black sheep is standing near three white dogs	S1_null	A black sheep is standing far from three white dogs	S3_so	3.5	CONTRADICTION	A_contradicts_B	B_contradicts_A	a black sheep with three white dogs	a black sheep with three white dogs	FLICKR	FLICKR	TEST	3357937209_cf4a9512ac.jpg#0
1751	7975	S1S3_intra	A grey dog is jumping toward a black and white dog in the snow	S1_null	A grey dog is jumping toward a black and white dog in the water	S3_so	3.5	NEUTRAL	A_neutral_B	B_neutral_A	a grey dog is jumping toward a black and white dog in the snow	a grey dog is jumping toward a black and white dog in the snow	FLICKR	FLICKR	TEST	2056042552_f59e338533.jpg#0
1766	8011	S1S3_intra	A man dressed in black and white is holding up the tennis racket and is waiting for the ball	S1_null	A man dressed in black and white is dropping the tennis racket and is waiting for the ball	S3_so	4.0	CONTRADICTION	A_contradicts_B	B_contradicts_A	man dressed in black and white holds his tennis racket up waiting for the ball	man dressed in black and white holds his tennis racket up waiting for the ball	FLICKR	FLICKR	TEST	3420278866_1d17c12713.jpg#3
1780	8042	S1S3_inter	The young boy in the blue shirt is jumping into the water	S1_null	A young girl is jumping into a still lake	S3_null	2.2	NEUTRAL	A_neutral_B	B_neutral_A	the young boy in the blue shirt is jumping into the water	a young boy jumping into a still lake	FLICKR	FLICKR	TEST	2138487671_5b89104043.jpg#4
1787	8054	S1S1_inter	Two people are carrying colorful baskets and blankets and walking near a building	S1_null	Two people are walking with laden baskets and blankets	S1_null	4.1	ENTAILMENT	A_entails_B	B_neutral_A	two people carrying colorful baskets and blankets walk near a building	two people walking laden down with baskets and blankets	FLICKR	FLICKR	TEST	86412576_c53392ef80.jpg#3
1788	8056	S1S3_intra	A young girl is sitting in swimming gear	S1_null	A young man is sitting in swimming gear	S3_so	3.3	NEUTRAL	A_neutral_B	B_neutral_A	a young girl sitting in swimming gear	a young girl sitting in swimming gear	FLICKR	FLICKR	TEST	656260720_a7db4ce48b.jpg#4
1798	8083	S1S3_intra	A black and white dog is playing with a tattered volleyball in a brown field	S1_null	A black and white dog is playing with a frisbee in a brown field	S3_so	3.3	NEUTRAL	A_neutral_B	B_neutral_A	a black and white dog plays with a tattered volleyball in a brown field	a black and white dog plays with a tattered volleyball in a brown field	FLICKR	FLICKR	TEST	2713897716_c8cd610360.jpg#3
1799	8087	S1S3_inter	A black and white dog is playing with a tattered volleyball in a brown field	S1_null	A black and white dog is playing with a new volleyball	S3_null	3.835	NEUTRAL	A_contradicts_B	B_neutral_A	a black and white dog plays with a tattered volleyball in a brown field	a black and white dog playing with a broken volleyball	FLICKR	FLICKR	TEST	2713897716_c8cd610360.jpg#3
1811	8103	S1S3_intra	A topless woman is being smeared with a brown substance and a blurry crowd is in the background	S1_null	A topless woman is being smeared with brown substance and a nobody is in the background	S3_so	3.8	CONTRADICTION	A_contradicts_B	B_contradicts_A	topless woman smeared with brown substance, blurry crowd in background	topless woman smeared with brown substance, blurry crowd in background	FLICKR	FLICKR	TEST	2602085456_d1beebcb29.jpg#4
1835	8146	S1S3_intra	A woman in blue has a yellow ball in the mitt	S1_null	A man in blue has a yellow ball in the mitt	S3_so	2.8	NEUTRAL	A_neutral_B	B_neutral_A	a woman in blue has a yellow ball in her mitt	a woman in blue has a yellow ball in her mitt	FLICKR	FLICKR	TEST	2944952557_8484f0da8f.jpg#2
1836	8150	S1S3_inter	A woman in blue has a yellow ball in the mitt	S1_null	The man in blue is chasing the base runner with a number on the jersey	S3_null	1.7	NEUTRAL	A_neutral_B	B_neutral_A	a woman in blue has a yellow ball in her mitt	girl in blue tries to get a base runner number 11 out during softball game	FLICKR	FLICKR	TEST	2944952557_8484f0da8f.jpg#2
1840	8148	S1S3_intra	The girl in blue is chasing the base runner with a number on the jersey	S1_null	The man in blue is chasing the base runner with a number on the jersey	S3_so	3.3	NEUTRAL	A_neutral_B	B_neutral_A	girl in blue tries to get a base runner number 11 out during softball game	girl in blue tries to get a base runner number 11 out during softball game	FLICKR	FLICKR	TEST	2944952557_8484f0da8f.jpg#3
1844	8160	S1S2_inter	A man in a purple hat is climbing a rocky wall with bare hands	S1_null	The man is rock climbing	S2_null	3.9	ENTAILMENT	A_entails_B	B_neutral_A	a man in a purple had climbs a rocky wall with his hands	this young man is rock climbing	FLICKR	FLICKR	TEST	3320209694_db579cb607.jpg#0
1847	8164	S1S3_intra	Two people are driving a jeep and a lady is sitting on the top of it	S1_null	Two people are driving a boat and a lady is sitting on the top of it	S3_so	3.415	NEUTRAL	A_neutral_B	B_neutral_A	two people drive a jeep while a lady sits on the top of it	two people drive a jeep while a lady sits on the top of it	FLICKR	FLICKR	TEST	2737609659_efce872c24.jpg#4
1851	8166	S1S3_intra	A blond woman is sitting on the roof of a yellow vehicle and two people are inside	S1_null	A blond woman is sitting on the roof of a yellow vehicle and two people are outside	S3_so	3.8	NEUTRAL	A_neutral_B	B_neutral_A	in rural outdoors, blond woman sits on roof of yellow bmw vehicle, two people inside	in rural outdoors, blond woman sits on roof of yellow bmw vehicle, two people inside	FLICKR	FLICKR	TEST	2737609659_efce872c24.jpg#3
1858	8182	S1S3_intra	The yellow dog is drinking water from a bottle	S1_null	The yellow dog is drinking water from a pot	S3_so	3.9	CONTRADICTION	A_contradicts_B	B_contradicts_A	the yellow dog is drinking water from a bottle	the yellow dog is drinking water from a bottle	FLICKR	FLICKR	TEST	918886676_3323fb2a01.jpg#3
1869	8202	S1S3_intra	A woman is looking down and is wearing a wedding veil	S1_null	A boy is looking down and wearing a wedding veil	S3_so	2.9	NEUTRAL	A_neutral_B	B_neutral_A	a woman is looking down and wearing a white hair piece that looks like a wedding veil	a woman is looking down and wearing a white hair piece that looks like a wedding veil	FLICKR	FLICKR	TEST	2286235203_af3cd8f243.jpg#0
1872	8209	S1S3_intra	A girl is standing in a group and is wearing a black shirt and pink beads	S1_null	A girl is standing alone and wears a black shirt and pink beads	S3_so	3.5	NEUTRAL	A_neutral_B	B_contradicts_A	a girl standing in a group wears a black shirt and pink beads	a girl standing in a group wears a black shirt and pink beads	FLICKR	FLICKR	TEST	3491013009_572cf2c18a.jpg#1
1880	8221	S1S2_inter	Two large dogs are frolicking in a grassy field	S1_null	Two animals are running through high grass	S2_null	3.9	NEUTRAL	A_neutral_B	B_neutral_A	two large dogs frolic in a grassy field	two dogs running through high grass	FLICKR	FLICKR	TEST	3110018626_307a123b59.jpg#4
1897	8245	S1S3_intra	A young man is pushing a motocross bike up a dirt hill	S1_null	A young man is pushing a motocross bike down a dirt hill	S3_so	3.4	NEUTRAL	A_neutral_B	B_neutral_A	a young man pushes his motocross bike up a dirt hill	a young man pushes his motocross bike up a dirt hill	FLICKR	FLICKR	TEST	479807465_cf42f39d00.jpg#1
1909	8260	S1S3_inter	An older man and a woman are riding bikes on the boardwalk near the ocean	S1_null	A middle aged man and woman are riding horses down a road beside the water	S3_null	2.3	NEUTRAL	A_neutral_B	B_neutral_A	an older man and woman ride bikes on the boardwalk near the ocean	a middle aged man and woman ride bikes down a road beside the water	FLICKR	FLICKR	TEST	2541701582_0a651c380f.jpg#3
1912	8270	S1S1_inter	Pedestrians and cars are moving through a traffic jam in a big city	S1_null	Some people and vehicles are on a crowded street	S1_null	3.2	ENTAILMENT	A_entails_B	B_neutral_A	some people and vehicles on a crowded street	pedestrians and cars make their way through times square in new york	FLICKR	FLICKR	TEST	1643915227_9f48068772.jpg#2
1914	8268	S1S2_inter	Pedestrians and cars are moving through a traffic jam in a big city	S1_null	Some people and cars are on a crowded street	S2_null	3.9	ENTAILMENT	A_entails_B	B_neutral_A	pedestrians and cars make their way through times square in new york	some people and vehicles on a crowded street	FLICKR	FLICKR	TEST	1643915227_9f48068772.jpg#1
1917	8275	S1S2_inter	Two brown and white dogs are fighting on a grassy area in front of a tree	S1_null	Two animals are playing outside	S2_null	3.6	ENTAILMENT	A_entails_B	B_neutral_A	two brown and white dogs fighting on a grassy area in front of a tree	a collie and a springer spaniel playing outside	FLICKR	FLICKR	TEST	432490118_54a9c0e500.jpg#2
1921	8280	S1S2_intra	A soccer player is sitting on the field and is drinking water	S1_null	Water is being drunk by a soccer player sitting on the field	S2_top	4.8	ENTAILMENT	A_entails_B	B_entails_A	a soccer player sits on the field drinking water	a soccer player sits on the field drinking water	FLICKR	FLICKR	TEST	3028095878_07341efc9c.jpg#4
1937	8292	S1S3_intra	The dog is running through the wet sand	S1_null	The dog is running through the dry sand	S3_so	3.6	CONTRADICTION	A_contradicts_B	B_contradicts_A	the dog is running through the wet sand	the dog is running through the wet sand	FLICKR	FLICKR	TEST	2491343114_a3e35a2a3a.jpg#4
1954	8324	S1S1_inter	Dogs are racing on a track	S1_null	A horse is racing	S1_null	2.1	NEUTRAL	A_neutral_B	B_neutral_A	dogs race on a track	horse number 8 is racing	FLICKR	FLICKR	TEST	2191329761_3effd856c5.jpg#0
1955	8318	S1S2_intra	A horse is racing	S1_null	A horse is running	S2_lex	4.4	ENTAILMENT	A_entails_B	B_neutral_A	horse number 8 is racing	horse number 8 is racing	FLICKR	FLICKR	TEST	2191329761_3effd856c5.jpg#3
1971	8346	S1S3_intra	A racer in full gear is wearing a helmet with sponsor logos and is riding a red sport motorcycle	S1_null	A racer in full gear wears a helmet with sponsor logos and is riding a blue sport motorcycle	S3_so	4.3	NEUTRAL	A_neutral_B	B_contradicts_A	a racer in full gear and helmet with sponsors logos is riding a red sport motorcycle	a racer in full gear and helmet with sponsors logos is riding a red sport motorcycle	FLICKR	FLICKR	TEST	3493479159_609ebe1b35.jpg#3
1976	8357	S1S3_inter	People are sitting at square tables in a red room	S1_null	Several people are sitting at small tables in a light room	S3_null	2.8	NEUTRAL	A_neutral_B	B_neutral_A	people are sitting at square tables in a red room	several people sitting at small tables in a darkened room	FLICKR	FLICKR	TEST	3663307538_468739e4c3.jpg#2
1996	8393	S1S3_inter	A black man is walking next to a building in a big city	S1_null	A woman is looking into the distance and people are walking between buildings behind	S3_null	1.7	NEUTRAL	A_neutral_B	B_neutral_A	a black man is walking next to a building in a big city	a man is looking into the distance whilst people behind him walk between buildings	FLICKR	FLICKR	TEST	3296226598_1c892c4351.jpg#0
2005	8410	S1S2_inter	A black dog is jumping off a dock into a pond	S1_null	A black animal is jumping from a dock into the water	S2_null	4.2	ENTAILMENT	A_entails_B	B_neutral_A	a black lab jumps off a dock into a pond	a black dog jumping from a dock into water	FLICKR	FLICKR	TEST	2595186208_9b16fa0ee3.jpg#3
2007	8414	S1S1_inter	A black dog is jumping off a dock into a pond	S1_null	A black dog is jumping from a dock into the water	S1_null	4.6	ENTAILMENT	A_entails_B	B_entails_A	a black lab jumps off a dock into a pond	a black dog jumping from a dock into water	FLICKR	FLICKR	TEST	2595186208_9b16fa0ee3.jpg#3
2014	8418	S1S3_intra	A little girl is smiling and running outside	S1_null	A little girl is smiling and running inside	S3_so	4.3	CONTRADICTION	A_contradicts_B	B_contradicts_A	a little girl is smiling, while running outside	a little girl is smiling, while running outside	FLICKR	FLICKR	TEST	3569329986_1f468729b2.jpg#2
2016	8432	S1S1_inter	A skier in black is catching a tiny bit of air	S1_null	A man is skiing down a snowy hill	S1_null	3.5	NEUTRAL	A_neutral_B	B_neutral_A	a downhill skier in black catches a tiny bit of air	a man skis down a snowy hill	FLICKR	FLICKR	TEST	3139876823_859c7d7c23.jpg#0
2039	8467	S1S3_inter	A young man in a white shirt and gold and black hat is sitting with crossed legs	S1_null	A man with no hat is sitting on the ground	S3_null	1.915	NEUTRAL	A_neutral_B	B_neutral_A	a young man in a white shirt and gold and black hat sits cross legged	a man with a backwards hat sits on the ground	FLICKR	FLICKR	TEST	2268601066_b018b124fd.jpg#3
2049	8487	S1S2_intra	A shirtless man is playing football on a lawn	S1_null	A shirtless man is playing football on a field	S2_lex	4.1	NEUTRAL	A_neutral_B	B_neutral_A	a shirtless man playing football on a lawn	a shirtless man playing football on a lawn	FLICKR	FLICKR	TEST	2681215810_00b0642f7b.jpg#3
2067	8519	S1S3_inter	Five people are standing in the grass with three dogs	S1_null	Five people are running with three dogs in the green field beside the road	S3_null	3.8	CONTRADICTION	A_contradicts_B	B_contradicts_A	five people stand in the grass with three dogs	five people are standing with three dogs in the green field beside the road	FLICKR	FLICKR	TEST	3047144646_2252ff8e04.jpg#3
2071	8526	S1S3_intra	A girl in gold and purple is holding a rainbow afghan	S1_null	A man in gold and purple is holding a rainbow afghan	S3_so	3.8	NEUTRAL	A_neutral_B	B_neutral_A	a girl in gold and purple is holding a rainbow afghan	a girl in gold and purple is holding a rainbow afghan	FLICKR	FLICKR	TEST	318070878_92ead85868.jpg#1
2080	8535	S1S3_intra	A tan dog is splashing in the water on the bank of a pond	S1_null	A tan dog is splashing in the water on the bank of a river	S3_so	4.3	NEUTRAL	A_neutral_B	B_neutral_A	a tan dog splashing in water on the bank of a pond or river	a tan dog splashing in water on the bank of a pond or river	FLICKR	FLICKR	TEST	2270483627_16fe41b063.jpg#3
2084	8542	S1S3_intra	The child is splashing water in a small blue pool	S1_null	The child is splashing water in a big red pool	S3_so	3.4	CONTRADICTION	A_contradicts_B	B_contradicts_A	the child is splashing water in a small blue pool	the child is splashing water in a small blue pool	FLICKR	FLICKR	TEST	539751252_2bd88c456b.jpg#4
2086	8549	S1S1_inter	A toddler is making a splash inside a blue paddling pool	S1_null	The child is splashing water in a small blue pool	S1_null	4.5	ENTAILMENT	A_entails_B	B_neutral_A	the child is splashing water in a small blue pool	a toddler is making a splash inside a blue paddling pool	FLICKR	FLICKR	TEST	539751252_2bd88c456b.jpg#4
2087	8547	S1S2_inter	A toddler is making a splash inside a blue paddling pool	S1_null	The child is splashing water in a pool	S2_null	4.1	ENTAILMENT	A_entails_B	B_neutral_A	a toddler is making a splash inside a blue paddling pool	the child is splashing water in a small blue pool	FLICKR	FLICKR	TEST	539751252_2bd88c456b.jpg#0
2102	8583	S1S2_inter	A dirty tan dog is rolling in the dirt and looking right at the camera	S1_null	A dog is playing on the ground	S2_null	4.0	ENTAILMENT	A_entails_B	B_neutral_A	a dirty tan dog rolling in the dirt and looking right at the camera	a dog rolls on the ground	FLICKR	FLICKR	TEST	2696866120_254a0345bc.jpg#0
2104	8585	S1S1_inter	A dirty tan dog is rolling in the dirt and looking right at the camera	S1_null	A dog is rolling on the ground	S1_null	4.2	ENTAILMENT	A_entails_B	B_neutral_A	a dirty tan dog rolling in the dirt and looking right at the camera	a dog rolls on the ground	FLICKR	FLICKR	TEST	2696866120_254a0345bc.jpg#0
2114	8605	S1S3_intra	A person on a yellow dirt bike is taking a jump	S1_null	A person on a yellow clean bike is taking a jump	S3_so	3.6	NEUTRAL	A_neutral_B	B_neutral_A	a person on a yellow dirt bike is taking a jump	a person on a yellow dirt bike is taking a jump	FLICKR	FLICKR	TEST	640053014_549d2f23d2.jpg#4
2115	8612	S1S1_inter	A person on a yellow dirt bike is taking a jump	S1_null	A cyclist on a yellow bike is airborne	S1_null	4.4	ENTAILMENT	A_entails_B	B_entails_A	a person on a yellow dirt bike is taking a jump	a cyclist on a neon yellow bike is airborne	FLICKR	FLICKR	TEST	640053014_549d2f23d2.jpg#4
2137	8650	S1S1_inter	A little girl is hitting a baseball off a tee	S1_null	A little girl in a pink shirt is playing t-ball and taking a swing	S1_null	4.3	NEUTRAL	A_neutral_B	B_neutral_A	a little girl in a pink shirt takes a swing at a t-ball	a little girl about to hit a baseball off a tee	FLICKR	FLICKR	TEST	3631671718_d712821757.jpg#2
2142	8659	S1S1_inter	A group of people is gathering at a stand at the fair	S1_null	The people are standing at a carnival	S1_null	3.9	ENTAILMENT	A_entails_B	B_neutral_A	a group of people gather at a stand at the fair	the people are standing around at a carnival	FLICKR	FLICKR	TEST	3409947123_a8d07edecf.jpg#1
2148	8662	S1S2_intra	Rollerbladers are rolling in formation down a hill	S1_null	Rollerbladers are running in formation down a hill	S2_lex	4.2	NEUTRAL	A_neutral_B	B_neutral_A	rollerbladers roll in formation down a hill	rollerbladers roll in formation down a hill	FLICKR	FLICKR	TEST	3500136982_bf7a85531e.jpg#4
2157	8681	S1S3_intra	A man dressed in black is wearing inline skates and performing a trick on a rail	S1_null	A woman dressed in black is wearing inline skates and performing a trick on a rail	S3_so	3.0	NEUTRAL	A_neutral_B	B_neutral_A	a man dressed all in black performs a trick on a rail while wearing inline skates	a man dressed all in black performs a trick on a rail while wearing inline skates	FLICKR	FLICKR	TEST	3323988406_e3c8fce690.jpg#1
2160	8688	S1S3_intra	Three children are running down hill	S1_null	Three children are running up hill	S3_so	3.3	CONTRADICTION	A_contradicts_B	B_contradicts_A	three children running down hill	three children running down hill	FLICKR	FLICKR	TEST	775664534_3f6de7d413.jpg#4
2164	8693	S1S2_inter	Three children are running down a grassy hillside	S1_null	Three kids are running down hill	S2_null	4.8	ENTAILMENT	A_entails_B	B_neutral_A	three children running down a grassy hillside	three children running down hill	FLICKR	FLICKR	TEST	775664534_3f6de7d413.jpg#3
2186	8729	S1S2_inter	A group of people are looking at sound equipment	S1_null	A group of people are standing around a sound mixing console	S2_null	4.0	ENTAILMENT	A_entails_B	B_neutral_A	a group of people looking at sound equipment	a group of people are standing around a sound mixing table	FLICKR	FLICKR	TEST	3042380610_c5ea61eef8.jpg#1
2189	8736	S1S2_inter	A young couple is lying in bed	S1_null	A couple is lying on a bed together	S2_null	4.5	ENTAILMENT	A_entails_B	B_neutral_A	a young couple lying in bed	a young couple lying on a bed together	FLICKR	FLICKR	TEST	2922981282_203f04bf9b.jpg#0
2192	8735	S1S3_intra	A young couple is lying on a bed together	S1_null	A young couple is lying on a couch together	S3_so	3.6	NEUTRAL	A_neutral_B	B_neutral_A	a young couple lying on a bed together	a young couple lying on a bed together	FLICKR	FLICKR	TEST	2922981282_203f04bf9b.jpg#1
2203	8762	S1S3_intra	A child is wearing a yellow jacket and is jumping down from a rock	S1_null	A child is wearing a yellow jacket and is jumping on a rock	S3_so	3.7	NEUTRAL	A_neutral_B	B_contradicts_A	a child wearing a yellow jacket is jumping down from a rock	a child wearing a yellow jacket is jumping down from a rock	FLICKR	FLICKR	TEST	2297744130_f571f3a239.jpg#0
2205	8770	S1S2_intra	A toddler is riding a plastic scooter toy	S1_null	A toddler is playing with a plastic scooter toy	S2_lex	4.4	ENTAILMENT	A_entails_B	B_neutral_A	a toddler on a plastic scooter toy	a toddler on a plastic scooter toy	FLICKR	FLICKR	TEST	2395967330_7e6ea404f6.jpg#2
2215	8795	S1S2_intra	People are clustered around a bonfire at night	S1_null	People are sitting around a bonfire at night	S2_lex	4.8	ENTAILMENT	A_entails_B	B_entails_A	people are clustered around a bonfire at night	people are clustered around a bonfire at night	FLICKR	FLICKR	TEST	1807169176_7f5226bf5a.jpg#2
2217	8803	S1S1_inter	Several people are sitting around a fire at night	S1_null	People are clustered around a bonfire at night	S1_null	4.6	ENTAILMENT	A_entails_B	B_entails_A	people are clustered around a bonfire at night	several people are sitting around a fire at night	FLICKR	FLICKR	TEST	1807169176_7f5226bf5a.jpg#2
2218	8797	S1S2_intra	Several people are sitting around a fire at night	S1_null	Several people are gathered around a fire at night	S2_lex	4.565	ENTAILMENT	A_entails_B	B_neutral_A	several people are sitting around a fire at night	several people are sitting around a fire at night	FLICKR	FLICKR	TEST	1807169176_7f5226bf5a.jpg#4
2219	8799	S1S2_inter	People are clustered around a bonfire at night	S1_null	Several people are gathered around a fire at night	S2_null	4.8	ENTAILMENT	A_entails_B	B_neutral_A	several people are sitting around a fire at night	people are clustered around a bonfire at night	FLICKR	FLICKR	TEST	1807169176_7f5226bf5a.jpg#4
2227	8827	S1S3_inter	A boy is speeding down a steep slide	S1_null	A girl is wearing all black and is sliding down a blow up yellow slide	S3_null	2.0	NEUTRAL	A_neutral_B	B_neutral_A	a boy speeding down a steep slide	a boy wearing all black is sliding down a blow up yellow slide	FLICKR	FLICKR	TEST	2426781076_e3f4d2685c.jpg#0
2231	8828	S1S2_inter	A boy is wearing all black and is sliding down a blow up yellow slide	S1_null	A kid is speeding down a steep slide	S2_null	4.1	NEUTRAL	A_neutral_B	B_neutral_A	a boy wearing all black is sliding down a blow up yellow slide	a boy speeding down a steep slide	FLICKR	FLICKR	TEST	2426781076_e3f4d2685c.jpg#1
2232	8829	S1S3_inter	A boy is wearing all black and is sliding down a blow up yellow slide	S1_null	A girl is speeding down a steep slide	S3_null	2.0	NEUTRAL	A_neutral_B	B_neutral_A	a boy wearing all black is sliding down a blow up yellow slide	a boy speeding down a steep slide	FLICKR	FLICKR	TEST	2426781076_e3f4d2685c.jpg#1
2239	8845	S1S3_inter	A small white dog is running across a lawn	S1_null	A brown and white cat with a brown and black bandanna is running very fast	S3_null	1.9	NEUTRAL	A_neutral_B	B_neutral_A	a small white dog running across a lawn	a brown and white dog with a brown and black bandanna running very fast	FLICKR	FLICKR	TEST	3556390715_65c6d1e88b.jpg#2
2241	8843	S1S3_intra	A brown and white dog with a brown and black bandanna is running very fast	S1_null	A brown and white cat with a brown and black bandanna is running very fast	S3_so	3.7	NEUTRAL	A_neutral_B	B_neutral_A	a brown and white dog with a brown and black bandanna running very fast	a brown and white dog with a brown and black bandanna running very fast	FLICKR	FLICKR	TEST	3556390715_65c6d1e88b.jpg#0
2243	8849	S1S2_intra	The dog is on a leash and is walking out of the water	S1_null	The dog is on a leash and is walking near the water	S2_lex	3.9	NEUTRAL	A_neutral_B	B_neutral_A	the dog is on a leash and is walking out of the water	the dog is on a leash and is walking out of the water	FLICKR	FLICKR	TEST	527968666_1fcddf81ab.jpg#4
2275	8900	S1S2_inter	Dirt bikers are riding on a trail	S1_null	Motorbikes are being ridden by two people	S2_null	3.7	NEUTRAL	A_neutral_B	B_neutral_A	dirt bikers on a trail	two people on motorbikes	FLICKR	FLICKR	TEST	3104400277_1524e4f758.jpg#0
2278	8911	S1S1_inter	A middle eastern man is standing with the back against a lamp post near to other people	S1_null	A man is leaning against a pole and is surrounded by people	S1_null	4.2	ENTAILMENT	A_entails_B	B_neutral_A	a man leaning against a pole surrounded by people	a middle eastern man is standing with his back against a lamp post near to other people who are waiting around	FLICKR	FLICKR	TEST	2930622766_fa8f84deb1.jpg#1
2280	8909	S1S2_inter	A middle eastern man is standing with the back against a lamp post near to other people	S1_null	A man is leaning against a pole and is surrounded	S2_null	3.9	ENTAILMENT	A_entails_B	B_neutral_A	a middle eastern man is standing with his back against a lamp post near to other people who are waiting around	a man leaning against a pole surrounded by people	FLICKR	FLICKR	TEST	2930622766_fa8f84deb1.jpg#3
2284	8920	S1S1_inter	A man and a woman are standing in front of an art gallery and are looking at a map	S1_null	A couple is looking at a map	S1_null	4.2	ENTAILMENT	A_entails_B	B_neutral_A	a couple are looking at an area map	a man and woman are standing in front of an art gallery, looking at a map	FLICKR	FLICKR	TEST	3523471597_87e0bf3b21.jpg#0
2291	9862	unrel	One boy in orange shorts is standing on a rock cliff over the water and the other boy in black shorts is jumping of it into the water	S1_null	A baby is sneezing and frightening another baby	S2_null	1.0	NEUTRAL	A_neutral_B	B_neutral_A	one boy in orange shorts standing on a rock cliff over water, while the other boy in black shorts jumps off into the water	a baby sneezed and scared another baby	FLICKR	SEMEVAL	TEST	632251903_b36701a5e9.jpg#2
2311	8981	S1S2_inter	A cyclist is biking in a snowy forest at night	S1_null	The man is biking in the snow and wearing a red jacket	S2_null	4.0	NEUTRAL	A_neutral_B	B_neutral_A	cyclist in snowy forest at night	the rider is biking in the snow and wearing a red jacket	FLICKR	FLICKR	TEST	3242808166_8638150274.jpg#3
2337	9027	S1S3_inter	Two dogs are playing on a beach	S1_null	A brown dog is running after a white dog on a rocky shore	S3_null	4.0	NEUTRAL	A_neutral_B	B_neutral_A	two dogs playing on a beach	a brown dog is running after a black dog on a rocky shore	FLICKR	FLICKR	TEST	1056873310_49c665eb22.jpg#2
2350	9048	S1S1_inter	A large white dog is jumping up in the snow	S1_null	A large white dog is jumping in the air over a snowy area	S1_null	4.485	ENTAILMENT	A_entails_B	B_neutral_A	a large white dog is jumping in the air over a snowy area	a large white dog jumping up in the snow	FLICKR	FLICKR	TEST	2100909581_b7dde5b704.jpg#1
2367	9084	S1S1_inter	A black and brown dog is eyeing a fly	S1_null	A brown and black dog is pointing the nose upwards	S1_null	2.6	NEUTRAL	A_neutral_B	B_neutral_A	a black and brown dog eyeing a fly	brown and black dog with it's nose pointed upwards	FLICKR	FLICKR	TEST	3474330484_a01d8af624.jpg#0
2368	9079	S1S3_intra	A brown and black dog is pointing the nose upwards	S1_null	A brown and black dog is pointing the nose downwards	S3_so	3.7	NEUTRAL	A_neutral_B	B_neutral_A	brown and black dog with it's nose pointed upwards	brown and black dog with it's nose pointed upwards	FLICKR	FLICKR	TEST	3474330484_a01d8af624.jpg#4
2369	9082	S1S2_inter	A brown and black dog is pointing the nose upwards	S1_null	A black and brown dog is eyeing an insect	S2_null	2.5	NEUTRAL	A_neutral_B	B_neutral_A	brown and black dog with it's nose pointed upwards	a black and brown dog eyeing a fly	FLICKR	FLICKR	TEST	3474330484_a01d8af624.jpg#4
2391	9118	S1S2_inter	Two little boys are playing outside with a soccer ball on the green grass	S1_null	Two children are playing with a ball in the park	S2_null	3.8	ENTAILMENT	A_entails_B	B_neutral_A	two little boys are playing outside with their soccer ball on the green grass	two children play soccer in the park	FLICKR	FLICKR	TEST	197504190_fd1fc3d4b7.jpg#4
2396	9128	S1S3_inter	A girl with Indian clothing and henna on her hand is going through paperwork	S1_null	A man is wearing a colorful shirt and a lot of jewelry	S3_null	1.1	NEUTRAL	A_neutral_B	B_neutral_A	a girl with indian clothing on and henna on her hand goes through paperwork	a woman wears a colorful shirt and a lot of jewelry	FLICKR	FLICKR	TEST	2687672606_275169c35d.jpg#0
2425	9175	S1S2_intra	The person is hiking	S1_null	The person is walking	S2_lex	4.3	ENTAILMENT	A_entails_B	B_neutral_A	the person is hiking	the person is hiking	FLICKR	FLICKR	TEST	455611732_d65bf3e976.jpg#4
2452	9232	S1S3_intra	A girl in a uniform is playing the flute with a marching band	S1_null	A girl in a uniform is not playing the flute with a marching band	S3_inv	2.8	CONTRADICTION	A_contradicts_B	B_contradicts_A	girl in uniform playing flute with marching band	girl in uniform playing flute with marching band	FLICKR	FLICKR	TEST	2355763034_9fb61a8165.jpg#4
2495	9318	S1S1_inter	A person is doing a trick on a snowboard	S1_null	A snowboarder is grinding down a long concrete rail	S1_null	3.8	NEUTRAL	A_neutral_B	B_neutral_A	a snowboarder is grinding down a long concrete rail	a person doing a trick on a snowboard	FLICKR	FLICKR	TEST	3098336319_a7e5b061d0.jpg#1
2496	9316	S1S2_inter	A person is doing a trick on a snowboard	S1_null	A snowboarder is grinding down a long rail	S2_null	4.0	NEUTRAL	A_neutral_B	B_neutral_A	a person doing a trick on a snowboard	a snowboarder is grinding down a long concrete rail	FLICKR	FLICKR	TEST	3098336319_a7e5b061d0.jpg#0
2498	9320	S1S3_intra	Three friends are making faces for the camera	S1_null	Three enemies are making faces for the camera	S3_so	3.285	CONTRADICTION	A_contradicts_B	B_contradicts_A	three friends making faces for the camera	three friends making faces for the camera	FLICKR	FLICKR	TEST	3662871327_b128d25f04.jpg#0
2506	9334	S1S2_inter	Four people are walking along a city sidewalk and the one in the green hat is talking on a cell phone	S1_null	A group of people is walking down the street and a person in a hat is on the phone	S2_null	4.6	ENTAILMENT	A_entails_B	B_neutral_A	four people are walking along a city sidewalk, while the one in the green hat talks on a cellphone	a group of people walking down the street with one on the phone in a green hat	FLICKR	FLICKR	TEST	3666056567_661e25f54c.jpg#2
2534	9376	S1S3_intra	The players is maneuvering for the soccer ball	S1_null	The players is maneuvering for the basket ball	S3_so	3.1	NEUTRAL	A_neutral_B	B_neutral_A	the players manuever for the soccer ball	the players manuever for the soccer ball	FLICKR	FLICKR	TEST	3221128704_d1205db79b.jpg#2
2542	9390	S1S2_inter	Two children are playing in the surf	S1_null	A kid is splashing in the water	S2_null	3.7	NEUTRAL	A_neutral_B	B_neutral_A	two children playing in the surf	a kid splashes in the ocean	FLICKR	FLICKR	TEST	827941668_2e4ac6cb39.jpg#4
2555	9411	S1S2_intra	Two people dressed in green and red costumes are outside on the sidewalk	S1_null	Two people dressed in green and red costumes are outside near the street	S2_lex	4.3	ENTAILMENT	A_entails_B	B_neutral_A	two people dressed in green and red costumes are outside on the sidewalk	two people dressed in green and red costumes are outside on the sidewalk	FLICKR	FLICKR	TEST	3342272425_804316cb3d.jpg#3
2559	9421	S1S3_intra	A dog is in a sandy area with the sand that is being stirred up into the air and several plants are in the background	S1_null	A cat is in a sandy area with the sand that is being stirred up into the air and several plants are in the background	S3_so	3.2	NEUTRAL	A_neutral_B	B_neutral_A	a dog in a sandy area with the sand stirred up into the air and several plants in the background	a dog in a sandy area with the sand stirred up into the air and several plants in the background	FLICKR	FLICKR	TEST	1541272333_1624b22546.jpg#3
2562	9428	S1S1_inter	A dog is in the sand that is blowing in the wind	S1_null	A dog is in a sandy area with the sand that is being stirred up into the air and several plants are in the background	S1_null	4.3	ENTAILMENT	A_entails_B	B_neutral_A	a dog and sand blowing in the wind	a dog in a sandy area with the sand stirred up into the air and several plants in the background	FLICKR	FLICKR	TEST	1541272333_1624b22546.jpg#2
2568	9441	S1S3_intra	A woman wearing a blue shirt and high heels is standing on the sidewalk next to a man	S1_null	A woman wearing a blue shirt and high heels is standing on the sidewalk next to a dog	S3_so	4.1	NEUTRAL	A_neutral_B	B_neutral_A	a woman wearing a blue shirt and high heels stands on the sidewalk next to a man	a woman wearing a blue shirt and high heels stands on the sidewalk next to a man	FLICKR	FLICKR	TEST	1432342377_3e41603f26.jpg#1
2571	9446	S1S1_inter	A woman wearing a blue shirt and high heels is standing on the sidewalk next to a man	S1_null	A man and a woman are standing on the curb	S1_null	4.2	ENTAILMENT	A_entails_B	B_neutral_A	a man and a woman are standing on the curb	a woman wearing a blue shirt and high heels stands on the sidewalk next to a man	FLICKR	FLICKR	TEST	1432342377_3e41603f26.jpg#0
2580	9459	S1S3_intra	A man on a green bike is performing tricks on a dirt ramp	S1_null	A man on a green car is performing tricks on a dirt ramp	S3_so	3.5	NEUTRAL	A_neutral_B	B_neutral_A	a man performs tricks on a dirt ramp on a green bike	a man performs tricks on a dirt ramp on a green bike	FLICKR	FLICKR	TEST	3621329299_6fb3f2935c.jpg#2
2588	9474	S1S3_inter	A kid is sitting wearing swim gear	S1_null	A young swimmer is standing in a bathing suit and waiting for the next race	S3_null	3.4	NEUTRAL	A_neutral_B	B_neutral_A	a young swimmer sits in a bathing suit and waits for the next race	kid sits wearing swim gear	FLICKR	FLICKR	TEST	652542470_60e858da64.jpg#2
2590	9478	S1S2_intra	A black dog and a tan dog are fighting	S1_null	Two dogs are fighting	S2_lex	4.5	ENTAILMENT	A_entails_B	B_neutral_A	a black dog and a tan dog fighting	a black dog and a tan dog fighting	FLICKR	FLICKR	TEST	1897025969_0c41688fa6.jpg#0
2592	9480	S1S2_inter	A black dog and a white dog are wrestling on the ground	S1_null	Two dogs are fighting	S2_null	4.2	ENTAILMENT	A_entails_B	B_neutral_A	a black dog and a white dog are wrestling on the ground	a black dog and a tan dog fighting	FLICKR	FLICKR	TEST	1897025969_0c41688fa6.jpg#1
2593	9481	S1S3_inter	A black dog and a white dog are wrestling on the ground	S1_null	A black dog and a tan dog are sleeping	S3_null	2.465	NEUTRAL	A_neutral_B	B_neutral_A	a black dog and a white dog are wrestling on the ground	a black dog and a tan dog fighting	FLICKR	FLICKR	TEST	1897025969_0c41688fa6.jpg#1
2596	9486	S1S3_intra	A cluster of four brown dogs are playing in a field of brown grass	S1_null	There is no dog playing in a field of brown grass	S3_od	2.1	CONTRADICTION	A_contradicts_B	B_contradicts_A	a cluster of four brown dogs play in a field of brown grass	a cluster of four brown dogs play in a field of brown grass	FLICKR	FLICKR	TEST	439492931_a96d590e40.jpg#0
2608	9511	S1S1_inter	A brown puppy is gnawing a metallic post that is stuck in the ground	S1_null	A brown puppy is biting a pole	S1_null	4.5	ENTAILMENT	A_entails_B	B_neutral_A	a brown puppy is gnawing in a metallic post that is stuck into the ground	brown puppy biting pole	FLICKR	FLICKR	TEST	3228069008_edb2961fc4.jpg#0
2609	9505	S1S2_intra	A brown puppy is biting a pole	S1_null	A brown puppy is biting a stick	S2_lex	4.1	NEUTRAL	A_contradicts_B	B_neutral_A	brown puppy biting pole	brown puppy biting pole	FLICKR	FLICKR	TEST	3228069008_edb2961fc4.jpg#4
2623	9533	S1S3_intra	Two race cars are on a road in front of a grassy parking area	S1_null	No race car is on a road in front of a grassy parking area	S3_od	3.1	CONTRADICTION	A_contradicts_B	B_contradicts_A	two race cars on a road in front of a grassy parking area	two race cars on a road in front of a grassy parking area	FLICKR	FLICKR	TEST	3578068665_87bdacef6a.jpg#4
2647	9564	S1S3_inter	A brown dog is running in the snow	S1_null	No dog is running through the snow	S3_null	3.1	CONTRADICTION	A_contradicts_B	B_contradicts_A	brown dog runs in snow	a dog runs through the snow	FLICKR	FLICKR	TEST	2322327298_7948338390.jpg#4
2648	9566	S1S2_intra	An elderly man is sitting on a bench	S1_null	An old person is sitting on a bench	S2_lex	4.6	ENTAILMENT	A_entails_B	B_neutral_A	an elderly man sitting on a bench	an elderly man sitting on a bench	FLICKR	FLICKR	TEST	2938072630_d641b63e4d.jpg#0
2687	9625	S1S3_intra	A barefoot man in pajamas is looking toward the sky and is walking on the tennis court	S1_null	A barefoot man in pajamas is looking toward the sky and is standing on the tennis court	S3_so	4.0	NEUTRAL	A_contradicts_B	B_neutral_A	a barefoot man in his pajamas is looking toward the sky while walking on the tennis court	a barefoot man in his pajamas is looking toward the sky while walking on the tennis court	FLICKR	FLICKR	TEST	3157744152_31ace8c9ed.jpg#0
2688	9633	S1S4_intra	The man is standing in a body of water near a waterfall	S1_null	The body of a man is in the water near a waterfall	S4_ws	3.95	NEUTRAL	A_neutral_B	B_neutral_A	the man stands in a body of water near a waterfall	the man stands in a body of water near a waterfall	FLICKR	FLICKR	TEST	1357724865_4faf4e1418.jpg#4
2700	9652	S1S3_intra	A brown and white dog is catching a dirty tennis ball in a dirt field	S1_null	A brown and white dog is catching a dirty golf ball in a dirt field	S3_so	3.5	NEUTRAL	A_contradicts_B	B_neutral_A	a brown and white dog attempts to catch a dirty tennis ball in a dirt field	a brown and white dog attempts to catch a dirty tennis ball in a dirt field	FLICKR	FLICKR	TEST	2429978680_1e18a13835.jpg#0
2703	9654	S1S3_intra	A dog is running on the sand and chasing a ball	S1_null	A dog is running on the grass and chasing a ball	S3_so	3.6	NEUTRAL	A_neutral_B	B_neutral_A	a dog is running on the sand whilst chasing a ball	a dog is running on the sand whilst chasing a ball	FLICKR	FLICKR	TEST	2429978680_1e18a13835.jpg#3
2708	9663	S1S3_intra	A shirtless man is escorting a horse that is pulling a carriage along a paved road	S1_null	A shirtless man is escorting a horse that is pulling a carriage along a dirty road	S3_so	4.4	NEUTRAL	A_neutral_B	B_neutral_A	a shirtless man escorts a horse pulling a carriage along a paved road	a shirtless man escorts a horse pulling a carriage along a paved road	FLICKR	FLICKR	TEST	1149179852_acad4d7300.jpg#1
2711	9670	S1S3_intra	A young girl is playing on the edge of a fountain and an older woman is watching her	S1_null	A young girl is playing on the edge of a fountain and an older woman is not watching her	S3_inv	2.8	CONTRADICTION	A_contradicts_B	B_contradicts_A	a young girl plays on the edge of a fountain while an older woman watches	a young girl plays on the edge of a fountain while an older woman watches	FLICKR	FLICKR	TEST	3461049169_e068ae4f25.jpg#3
2735	9740	S1S1_inter	A woman is wearing ear protection and is firing a gun at an indoor shooting range	S1_null	A woman is shooting at target practice	S1_null	4.6	ENTAILMENT	A_entails_B	B_neutral_A	a woman shoots at target practice	a woman wearing ear protection is firing a gun at an indoor shooting range	FLICKR	FLICKR	TEST	2504277798_936a09c74d.jpg#1
